size, quality, price
1.1,5,5169
0.83,5,3470
0.85,5,3183
0.91,5,4370
0.83,5,3171
1.53,5,12791
1.0,4,5747
1.5,1,10450
2.11,5,18609
1.05,4,7666
0.91,5,6224
1.01,3,5161
0.92,3,3679
2.51,4,34361
1.5,4,11004
2.2,5,22241
1.52,5,17659
1.28,4,6726
1.01,3,4238
0.9,4,3624
2.6,5,37621
0.8,4,3559
1.07,4,4829
2.02,3,19756
2.16,5,44121
2.03,3,23726
2.02,4,14839
1.01,4,5010
2.41,4,27337
0.9,3,3485
0.92,5,4025
1.01,5,9735
2.04,4,41867
1.56,5,14957
0.77,2,3321
2.01,4,18023
2.05,4,19976
1.01,4,6257
1.01,4,5534
0.86,5,4228
1.01,3,4905
2.29,4,34657
1.28,5,10958
2.12,5,33667
0.9,5,4921
1.44,5,10768
2.28,5,73209
1.01,2,12996
2.29,5,27097
0.8,5,3817
1.06,2,9645
1.62,5,18281
0.83,5,4024
1.58,5,16625
0.91,4,4546
1.01,1,5628
1.13,5,9653
2.0,3,14321
0.83,4,3249
0.92,4,4286
1.25,5,11089
1.23,2,10859
1.51,3,12487
1.21,2,12111
1.02,4,6001
0.75,4,2734
0.78,4,2694
2.02,5,32060
0.9,3,4147
1.01,5,8860
1.02,5,6264
1.14,4,5640
1.5,4,10019
1.3,4,7018
1.01,4,18187
2.17,5,30156
0.9,5,4260
1.0,3,4864
2.24,5,40445
1.59,5,13839
1.02,5,5835
1.02,4,4932
2.1,2,26278
0.91,1,4036
1.62,4,12202
1.1,5,6387
0.91,4,4188
1.2,3,5818
0.9,4,4442
1.04,4,5369
1.66,5,13330
0.77,4,3643
1.63,4,9199
1.32,5,8014
1.71,4,17768
1.02,5,5590
1.04,5,6809
1.01,5,7411
1.2,4,9320
2.0,3,15438
1.01,4,4133
1.0,4,8638
0.9,5,3455
1.38,5,12684
1.0,4,4739
1.13,4,9947
0.79,5,2888
1.54,5,9998
0.81,4,2701
1.15,5,10555
1.51,4,13324
1.2,5,5476
1.1,4,5276
1.31,4,6885
1.03,5,6981
1.1,4,4545
1.01,4,9782
1.01,4,5224
1.01,4,6714
1.57,5,14283
1.01,3,4563
1.0,5,7370
1.21,4,7597
0.93,4,5140
1.78,4,16697
2.25,5,32691
0.93,4,5862
0.9,4,4064
1.01,4,4682
1.14,3,5487
1.05,4,7010
1.6,5,15000
1.01,3,4989
1.01,1,5122
0.75,4,3551
1.01,4,5731
2.03,4,15101
0.83,3,3422
1.02,4,6366
2.12,5,21846
2.04,5,16718
0.75,5,2782
2.17,5,22930
1.0,1,6627
1.0,3,5408
1.26,4,11255
1.31,5,7751
1.51,4,11923
1.02,4,5839
1.01,5,10503
0.91,5,4374
0.79,5,2712
0.79,3,2548
1.02,4,5667
2.02,4,17658
1.06,5,4745
1.01,4,7835
0.9,4,4729
2.15,4,27558
2.2,4,27535
1.22,5,10422
1.0,1,7553
0.8,4,2670
2.19,4,29635
1.32,5,16099
1.51,3,11056
1.01,3,5233
2.74,5,24089
1.02,4,8800
2.04,5,20045
1.02,5,7038
1.02,4,8252
2.08,5,18760
1.02,4,9246
1.06,5,5870
1.5,4,12751
1.57,4,21167
2.34,4,57208
1.2,5,6303
1.01,4,5619
1.32,5,11079
1.15,4,5831
0.91,4,4585
1.14,5,4894
1.13,5,7385
2.08,5,32149
0.9,3,7214
0.75,5,2501
2.66,5,96493
1.56,5,13543
1.02,4,8013
1.02,5,5795
1.53,4,15008
1.07,4,11019
1.2,4,6076
0.9,1,3842
1.23,5,13274
1.01,5,11442
1.06,2,10927
1.04,5,6769
1.51,5,12947
1.22,4,6350
0.9,4,4265
1.02,5,6622
0.8,4,3144
1.57,5,17548
2.08,4,30210
0.9,4,4671
1.5,5,12055
2.01,4,18149
1.28,5,7415
1.52,4,12877
1.0,3,4702
2.37,5,28063
2.02,3,29334
1.21,5,11045
1.54,3,10669
1.5,4,9706
0.78,4,4904
2.2,4,19671
1.14,5,9948
1.33,5,12345
1.04,5,11367
2.0,4,15381
0.9,4,5423
1.51,1,8681
1.23,4,10477
1.53,5,8971
1.04,4,5290
1.2,4,5630
2.13,5,70114
0.9,3,4072
1.09,5,7978
1.27,5,13279
1.01,3,4884
1.13,4,9788
1.01,4,5041
2.21,5,30440
2.03,5,21437
2.01,4,15675
2.13,4,17601
1.5,3,10755
1.27,5,6396
1.07,5,11327
2.14,3,20853
1.01,4,4727
1.0,5,5312
1.52,4,12275
1.19,5,8034
1.03,5,7856
1.01,3,5078
0.9,4,4105
2.02,5,20885
1.22,4,8340
1.13,5,5759
1.01,5,5870
1.04,5,7044
0.76,4,3367
0.93,5,3772
0.9,5,4369
1.22,4,9919
1.16,4,5695
2.5,4,20894
1.71,3,11250
1.29,5,7036
1.03,5,6913
0.9,5,5656
2.32,4,47800
1.51,3,8951
2.01,3,34255
1.0,4,5528
1.29,5,8858
2.23,5,28811
1.2,4,9574
0.78,5,2622
1.0,1,4269
0.92,4,5044
1.05,3,4785
1.1,4,4938
1.23,4,10435
0.76,3,3121
1.21,5,7111
2.01,5,20296
1.02,4,6612
1.04,3,4768
0.76,5,3114
1.01,5,7870
1.51,5,13588
1.22,5,10409
2.02,4,28739
1.09,5,7992
0.91,4,5134
1.0,1,6268
0.9,4,3709
1.32,4,6793
2.01,3,18341
1.01,5,5020
1.09,2,7709
1.0,4,5247
0.91,4,4143
1.55,2,11574
1.25,5,10983
1.03,5,8277
0.77,5,3345
2.01,5,18252
0.78,5,3581
1.5,2,17176
1.7,4,11560
1.15,5,5529
0.84,5,2898
1.07,4,5586
1.5,5,14618
1.0,4,7872
1.01,3,5700
1.14,2,7079
1.28,5,12061
0.91,4,4680
1.22,5,8418
0.91,4,3998
1.01,4,5393
1.06,2,8093
1.26,5,10709
0.9,4,4920
0.92,2,4457
2.01,4,24784
1.0,4,7215
1.5,5,12187
1.2,4,6377
2.03,5,31773
2.07,4,16378
1.01,4,6914
0.79,4,4585
1.7,3,15087
0.83,4,3276
1.09,5,7227
0.9,3,3238
0.9,3,4508
1.33,5,7752
1.51,5,12913
1.0,4,5021
2.02,3,19829
0.81,4,3643
1.03,5,9192
0.75,5,3049
1.06,3,4828
0.86,5,4398
0.91,1,3884
1.01,3,5107
2.09,5,23602
1.23,4,11110
1.35,4,8644
1.25,5,12981
2.02,4,19442
1.01,4,5670
1.52,5,10239
1.53,4,9332
2.01,5,26659
1.08,5,5558
1.23,5,6183
1.23,4,9694
1.02,4,8538
1.02,4,9728
1.13,5,7808
2.43,5,30108
1.03,2,10607
0.8,4,3737
1.09,5,12185
1.0,4,6040
1.0,5,5887
1.33,2,15031
0.9,4,4173
1.05,5,7317
1.04,3,9038
1.04,4,8090
2.01,5,20934
1.51,3,8939
0.9,1,4958
1.12,5,7970
0.91,4,3963
1.05,5,7571
2.01,5,23217
0.9,1,3743
2.3,4,45752
0.85,4,4133
1.25,4,5956
1.59,5,9209
1.2,5,13165
1.21,4,9878
1.05,4,7794
1.06,5,7594
1.02,5,6645
1.01,4,8401
1.01,4,10019
0.82,5,3913
1.03,4,4997
0.9,4,3770
0.91,4,3633
1.51,1,8359
1.01,3,5541
1.12,5,8202
2.07,4,46229
1.01,1,5747
2.57,5,40652
1.23,4,9803
2.01,3,15743
2.01,3,27624
2.05,3,19436
1.55,5,15070
2.55,5,25387
1.01,5,7458
0.76,4,2593
1.01,3,5197
0.9,5,3724
1.01,4,5231
2.02,5,29641
2.15,3,23911
2.01,3,25793
1.8,4,17273
1.53,5,17223
1.02,4,4802
1.52,4,12596
1.25,5,9365
0.9,4,4981
2.01,5,15333
1.06,5,6062
0.76,5,4229
1.01,3,6081
2.47,4,36993
1.15,5,12447
2.11,5,21262
1.51,5,8504
1.08,2,7397
0.9,5,6237
2.02,4,20548
0.9,5,4931
1.55,1,10981
1.01,4,6561
2.39,4,34415
1.5,3,13061
0.75,2,3011
2.27,5,47741
1.51,4,12064
2.17,5,25707
1.71,4,10410
1.01,4,5680
1.01,3,5008
1.51,5,11696
1.64,5,10628
1.62,2,19661
0.88,5,4334
0.8,4,3831
1.08,5,6078
1.01,4,6491
2.01,5,26026
0.75,4,3365
0.91,1,4036
1.0,4,5491
1.01,3,7566
1.28,5,9372
2.03,4,30894
1.2,4,8983
2.25,4,33248
1.05,5,4925
0.9,5,4748
1.25,5,9503
0.96,5,6807
1.25,5,6562
1.05,5,5361
1.0,4,4961
1.0,3,6284
0.83,4,3002
2.04,4,15412
0.75,5,2523
1.53,2,21331
1.5,4,11096
2.04,4,28578
1.1,4,4583
0.92,3,3122
0.9,4,6924
1.2,2,16256
0.81,5,5752
1.09,5,11888
1.0,4,4095
1.5,3,10271
1.04,2,7951
1.04,5,6955
1.01,4,5696
2.13,5,19058
1.11,5,9315
2.07,5,20842
1.03,5,7726
1.3,5,8196
1.13,5,6133
0.76,5,3864
1.01,4,5622
0.83,4,3295
1.04,5,4484
1.75,5,18851
1.01,3,6132
0.79,5,2442
0.86,5,3122
2.56,5,24975
2.0,5,26049
0.77,1,3031
0.9,4,4239
1.02,4,5291
1.22,4,5979
2.37,4,25451
0.77,4,3124
1.0,3,5743
1.01,4,6936
1.03,4,5241
0.9,3,4579
1.16,5,9004
2.36,4,30867
1.22,4,8377
1.01,5,6734
1.06,4,5328
2.47,5,24667
2.24,5,20906
1.01,3,5073
1.01,1,4646
1.2,4,6809
1.66,5,16893
1.03,5,5181
0.94,3,3528
2.08,5,22434
0.9,3,3842
1.51,5,9090
1.5,4,9118
0.77,4,2986
1.71,5,39027
1.02,3,8215
1.51,3,9581
0.9,1,4034
1.7,4,15767
1.32,4,7389
0.91,4,4049
1.02,5,6845
1.0,4,5755
1.59,5,13600
2.02,3,17470
2.01,4,20940
2.01,4,19347
1.22,2,10572
2.01,3,35992
1.01,4,11042
0.9,5,4093
1.64,5,15458
1.01,4,5777
1.22,5,8014
1.52,5,11896
1.58,5,17329
2.53,3,24795
1.5,5,12206
1.01,4,5107
2.02,4,28469
2.09,5,40503
2.02,5,22984
1.2,5,7966
2.5,4,40046
1.51,5,24608
2.08,4,20379
1.12,4,4914
1.54,5,9600
1.04,5,8207
1.0,1,4844
1.01,5,6587
1.08,2,6426
0.9,3,5480
1.5,4,14592
1.06,4,4878
1.03,4,6809
1.12,2,8189
1.03,4,6487
1.02,4,10029
2.05,4,27181
0.9,1,4447
0.91,4,3710
0.79,4,3432
2.14,5,33956
2.11,5,31200
1.01,4,5886
1.5,4,11052
1.04,5,6990
2.02,3,37083
1.6,5,16575
1.05,5,8436
1.12,5,6309
1.03,4,8437
0.9,1,4537
2.02,4,46666
1.21,5,14691
1.06,5,9547
1.09,4,6438
0.9,3,3972
1.12,5,8394
1.3,5,12098
2.03,4,16693
1.01,4,5967
2.02,3,25804
0.93,4,4513
1.27,5,6118
1.06,5,8143
1.1,4,5817
1.72,4,17578
1.51,4,16716
0.76,5,3577
1.02,5,5934
1.5,4,9250
0.91,5,4922
1.0,3,5625
0.77,5,3996
1.21,5,12230
1.0,3,8903
1.26,3,11452
0.77,4,3166
1.56,5,13628
1.62,5,14777
1.14,5,10602
2.15,5,28837
1.0,4,7350
1.2,4,6591
0.9,4,4637
2.01,5,22373
1.1,5,5370
1.5,4,8695
1.0,3,5546
1.02,4,6407
1.52,3,13155
0.9,4,4588
1.24,5,10006
1.52,5,17914
1.07,2,8456
0.81,5,3413
2.03,5,26148
2.62,5,31254
1.21,3,5452
2.03,4,39605
1.58,2,11110
1.06,5,11837
2.01,4,27136
0.9,4,5331
1.24,4,6134
1.07,5,7441
1.01,3,4553
2.68,5,23354
1.01,5,12065
1.11,2,6395
1.05,2,5697
1.28,4,11214
1.01,5,7014
1.22,5,6867
1.2,5,8040
1.11,5,4709
0.76,4,3891
1.19,4,7989
1.14,5,5158
0.82,3,2840
1.2,3,6192
2.23,5,41823
1.01,4,6083
1.4,5,15134
2.02,4,28648
1.19,4,5956
2.02,5,17392
1.16,4,8361
1.3,4,6446
0.81,5,4493
2.17,4,24600
1.51,4,12546
1.53,2,12093
1.07,5,7286
2.01,4,33665
1.15,5,5372
2.08,4,19781
2.01,3,25796
1.35,5,10639
2.08,5,25210
2.09,4,38484
1.14,5,9074
0.91,4,4370
1.5,1,8999
0.81,4,3544
2.0,3,20000
0.82,5,4113
1.02,5,8335
1.03,5,8284
1.29,4,10565
1.22,5,6398
2.07,4,18945
1.06,5,6062
2.64,5,35856
2.32,5,32502
1.14,5,9079
1.5,4,9987
0.78,5,2652
0.9,1,4220
1.02,4,7724
1.04,5,5145
1.01,5,5812
1.5,4,12723
0.91,5,5261
0.91,4,4523
1.03,5,7119
1.11,5,7473
2.08,4,17469
0.83,4,3515
0.94,4,4488
1.17,5,6324
1.69,5,13534
0.83,2,4009
1.0,3,8401
0.76,4,4125
1.04,2,10625
1.21,4,6679
1.3,4,13329
1.61,3,11422
2.02,3,19940
1.01,4,7439
0.91,5,4199
2.0,3,20688
1.63,2,14261
1.54,5,12227
1.01,5,5582
0.75,4,4889
2.17,4,35522
1.72,5,38080
1.03,5,5411
2.28,5,35588
1.08,5,6855
1.41,4,11298
1.27,4,5953
1.21,4,5245
1.03,3,5526
0.75,1,2967
1.04,5,6529
0.77,4,2830
1.14,5,8017
2.0,5,27835
1.02,4,4813
1.05,5,7639
2.01,4,21524
2.01,3,16737
1.34,4,10197
1.16,5,9432
1.29,5,7513
0.87,2,4188
1.23,5,5840
1.1,2,11227
2.01,5,26069
1.05,4,5236
0.9,5,4770
1.01,5,5387
2.46,4,21865
1.11,3,5602
2.54,4,30286
1.25,5,10441
0.77,4,3350
1.61,5,11826
1.21,4,7610
0.8,5,2906
0.91,4,5034
0.9,4,3443
1.04,4,4791
2.03,3,15339
1.0,4,8555
1.51,3,8975
1.04,4,10161
1.15,4,6110
1.03,4,8601
0.9,4,3327
1.0,5,5170
1.06,5,7275
0.92,5,3580
1.0,3,6937
1.57,5,10209
2.36,5,22441
1.25,5,6206
1.18,5,11573
1.59,5,10832
1.2,4,6287
1.58,5,12975
1.52,3,11731
1.06,5,8323
2.02,5,59282
0.97,4,5136
1.51,5,16337
0.76,4,2668
1.01,4,7698
0.75,5,3525
0.91,4,4188
1.63,2,12910
1.01,4,5220
1.65,5,15422
2.27,5,26443
2.31,5,19872
0.9,4,4063
2.55,5,23255
1.4,4,25266
0.89,4,5085
2.01,5,21064
1.55,5,12575
1.2,4,8812
0.92,4,5330
1.13,4,6812
1.0,5,5639
2.08,5,28990
1.02,4,4102
1.07,2,7577
2.62,5,75630
1.01,4,7278
1.0,4,5978
2.04,4,24886
1.0,1,4798
1.02,4,5571
1.32,5,7095
0.9,4,3748
0.94,4,6088
1.23,4,14521
1.18,4,7666
1.01,3,4608
2.34,2,59538
1.04,5,5528
1.13,5,6246
0.81,4,2936
2.7,4,35472
1.05,5,5407
0.91,4,4012
0.92,5,4561
1.68,5,13375
2.17,4,34463
2.08,4,28010
0.88,5,3328
2.51,4,21656
1.23,3,5418
0.91,5,3726
1.2,4,8317
2.05,4,21384
1.54,4,10526
1.01,4,4747
1.11,5,7917
2.39,4,32488
1.1,2,7468
0.94,4,4518
2.01,3,20065
1.51,5,12291
1.29,5,13530
1.0,3,4594
1.24,2,10946
2.03,4,26702
1.63,5,14233
1.27,5,6444
1.01,5,7290
0.9,3,4054
0.82,4,2583
1.0,4,6883
1.07,5,7406
0.9,4,4543
2.41,5,19302
0.75,3,2923
1.51,4,17689
1.13,2,6970
1.04,5,6112
1.08,5,4785
0.9,4,4099
1.53,5,11678
1.21,4,9484
1.31,5,9219
1.01,4,4905
1.1,4,10701
1.06,1,4528
1.34,5,12008
1.12,5,6317
1.15,5,5930
2.08,5,25720
1.19,5,7651
1.18,4,4664
1.03,4,6733
0.75,3,2953
1.09,4,7598
0.79,5,2687
1.51,4,14938
1.04,5,4941
1.01,4,6204
1.05,5,6316
1.74,4,18237
0.8,4,3071
1.28,5,6984
2.01,4,26484
1.18,4,6261
1.5,4,8291
1.27,4,7031
2.0,4,14541
1.01,3,6515
0.9,1,4291
1.06,4,5293
1.04,5,4801
1.52,4,14066
1.5,4,12022
1.01,5,4943
1.51,5,9966
1.51,1,12829
1.08,4,7230
0.85,3,2905
1.24,2,9354
0.77,2,3089
0.91,4,3710
0.91,4,4916
2.02,5,16735
0.9,5,4011
1.06,4,9680
1.18,3,6568
1.23,5,13034
1.0,4,7403
1.02,5,8658
0.93,4,3838
1.03,2,7619
1.02,5,4932
1.01,4,5627
1.02,5,9761
1.64,4,10100
1.12,4,5027
2.12,5,28840
1.23,3,6165
1.09,4,10663
1.1,4,6392
1.15,4,5587
1.01,5,4370
2.01,3,35124
0.91,4,3852
1.0,3,6030
1.02,4,8387
2.01,3,18988
0.9,1,3920
1.23,4,7799
2.01,3,30095
2.01,3,16731
2.04,5,18490
1.37,5,11754
1.58,5,12334
0.99,4,5112
1.01,3,7163
0.9,3,3977
2.31,3,18329
0.9,3,4027
1.09,4,5551
1.03,4,10327
1.61,4,13047
2.16,5,31349
1.01,3,5918
1.04,5,6116
1.66,4,12818
2.21,5,40427
0.76,4,2396
2.01,3,20031
0.78,4,3210
1.31,5,9331
1.03,5,7990
1.85,4,19543
0.82,5,2932
1.2,5,9625
1.24,5,7163
2.01,5,32966
2.16,3,26353
2.1,4,18436
1.0,3,5405
1.2,4,12253
1.53,5,10171
0.78,5,3343
0.81,5,4751
2.43,5,25897
1.21,4,5726
1.22,5,11111
1.51,3,17203
0.9,4,4435
0.78,5,3056
2.02,5,30184
0.91,4,3525
0.9,5,4856
1.14,5,9890
1.32,4,6810
1.53,4,17086
0.89,5,4127
1.03,5,9798
1.2,4,5226
1.53,3,15984
1.11,5,5535
1.51,4,9986
0.9,4,4921
2.0,4,49199
1.51,3,11505
1.02,4,8627
0.75,4,3718
1.06,5,11209
1.02,4,5709
0.9,4,4286
0.9,4,4230
1.12,5,4870
0.9,4,3489
1.01,4,5422
1.19,5,7221
1.13,5,9885
1.05,4,5671
1.51,3,10819
1.14,4,8131
1.04,5,8168
1.15,4,7175
0.93,4,5048
1.51,4,10319
1.55,5,11150
1.26,5,10597
1.24,2,15026
2.25,5,31724
2.2,5,26541
1.71,5,12837
1.04,5,8269
2.02,5,21544
1.13,2,11721
0.82,5,4135
2.23,5,33675
2.14,4,37855
1.1,5,8741
1.09,5,7796
0.9,4,4795
1.23,5,6435
2.15,4,31340
0.86,1,3418
0.99,4,4863
1.04,5,5059
2.01,5,25375
2.02,1,17242
0.9,4,4004
1.01,1,4405
1.0,5,4648
1.35,4,6573
0.8,4,3209
0.9,4,4043
2.33,4,67368
1.1,4,5524
1.11,5,5081
1.04,5,5719
0.75,5,3844
1.41,5,16545
1.13,5,7687
1.06,5,8344
1.2,4,8264
1.02,4,6991
1.01,4,4212
0.8,4,4408
2.17,5,51486
2.01,4,34305
0.9,1,3733
1.57,2,11040
0.91,3,3520
1.36,4,22649
0.9,3,4400
1.5,3,8920
0.79,4,3798
1.15,4,8493
1.0,4,5894
2.67,5,39328
0.76,5,3033
1.32,5,7162
2.38,4,22166
1.2,4,6672
0.9,5,4008
1.9,5,16989
2.01,4,22027
1.01,3,5918
2.02,4,18236
1.02,4,8317
2.01,4,20668
1.16,2,10907
1.0,4,7725
1.0,3,6748
1.2,2,11530
1.04,4,5180
1.04,4,4426
1.01,5,5478
1.71,5,14387
1.01,4,6047
2.01,4,22389
1.08,5,7137
1.08,5,5534
1.14,5,5863
0.75,4,3005
1.01,4,7597
0.8,5,3972
0.8,4,3603
1.01,3,5073
2.3,5,19787
2.02,4,19606
1.12,5,7267
1.03,4,8220
0.91,4,4304
0.92,4,3887
1.01,5,5702
2.05,5,28519
1.54,3,13758
1.0,4,6386
2.12,5,17068
2.01,5,17674
1.24,4,6104
1.02,4,10641
1.03,3,5367
2.23,4,27562
0.8,5,7032
2.03,5,15895
1.08,5,6769
2.02,5,20499
2.13,5,37622
1.0,5,6999
1.3,4,7835
2.01,4,16158
1.2,4,6126
1.49,3,9849
1.15,5,5534
1.59,5,17929
1.39,4,12614
0.79,4,2945
0.85,4,3063
1.57,5,10964
1.11,5,11074
0.9,5,7268
0.9,4,4694
0.84,5,3603
0.79,4,3539
1.25,4,9587
1.35,5,10078
1.52,4,11093
1.21,5,9019
1.63,5,18179
1.5,4,8475
2.08,4,28055
0.76,3,3304
1.09,5,7266
2.01,4,20267
1.01,3,4618
0.78,5,3671
0.8,3,3365
1.01,3,5541
1.03,5,4800
1.5,3,9960
2.01,4,21741
1.05,2,7805
1.03,5,6557
2.12,4,22606
1.08,5,9545
1.04,4,7049
0.92,4,4685
2.31,5,23506
1.23,4,6848
1.05,2,8022
1.03,4,6164
2.15,5,23123
1.0,3,5013
2.11,4,27399
2.41,4,33025
1.73,5,23837
0.96,1,3341
2.02,4,15895
2.28,4,30830
1.5,5,10725
2.01,5,21872
1.52,4,16630
1.08,4,7963
1.23,4,6997
2.09,5,20622
2.12,4,18469
1.06,2,5697
2.0,4,16605
1.01,3,5860
2.16,4,31947
1.5,4,12532
0.9,4,5994
1.01,5,6871
1.04,4,4948
1.33,4,6656
1.5,1,15892
0.8,4,3005
1.0,4,7466
1.04,5,7035
2.02,5,25798
1.33,5,7186
0.93,4,4111
0.9,3,4206
2.01,4,19109
1.15,2,10987
1.54,4,8788
0.83,5,3371
2.01,5,32658
1.04,1,4551
0.86,2,4042
1.01,4,5220
1.21,2,14442
2.0,4,19213
1.2,4,6898
1.08,4,6063
2.37,5,41838
2.01,4,21477
0.75,5,3879
0.9,5,4390
1.02,4,5058
2.02,4,20012
1.02,4,5013
0.8,5,5595
1.12,5,6087
0.84,4,2885
0.9,4,3752
1.06,5,8369
1.78,2,20027
0.9,4,4872
1.29,4,7229
1.12,4,7784
1.5,4,27460
1.04,4,5043
1.0,5,7979
1.26,5,8910
1.67,5,14154
1.06,4,6003
2.07,4,17608
2.04,5,30455
0.93,5,5126
1.41,3,14853
1.16,4,5468
1.79,5,20558
0.9,4,3752
2.29,5,21159
2.0,4,46247
1.01,4,6951
0.9,4,3916
1.0,4,5342
2.18,2,26353
1.03,3,4142
2.32,5,31264
2.08,5,17916
2.2,4,29496
0.9,4,3854
0.77,5,2558
2.09,5,17295
2.01,4,26069
2.65,4,33928
0.9,3,4599
0.91,4,4456
1.1,5,6344
1.12,4,5194
0.9,4,3752
0.8,5,3714
1.01,5,5457
1.01,4,7370
2.03,4,19966
2.09,5,21150
1.06,5,7934
0.9,3,3730
1.1,4,10643
2.0,4,25311
0.91,4,4226
2.01,4,18641
1.01,4,5248
1.63,3,13187
1.07,5,10222
1.08,5,10442
0.9,4,3407
2.02,4,18236
1.55,3,7906
1.02,5,7866
1.28,5,11419
1.01,5,4905
1.48,5,9035
1.5,5,10907
2.17,3,23335
1.5,2,12148
1.03,4,5789
1.04,5,10019
1.11,5,5940
1.02,4,5500
2.03,4,23851
1.0,3,4273
1.03,5,5519
1.01,4,6270
1.11,4,6685
1.01,5,5235
2.01,5,31306
1.17,5,9723
0.77,5,3197
2.05,5,26780
1.01,4,7135
1.02,5,7083
1.04,5,5311
2.0,5,21420
2.01,4,20818
2.05,5,36773
1.01,4,4186
1.31,5,11829
1.0,1,6918
1.01,4,6771
0.9,4,3274
2.14,5,30013
2.0,4,18186
1.01,5,8029
1.05,4,9077
1.03,5,10004
1.22,5,8014
0.81,5,2444
0.81,5,4630
2.15,5,24385
0.91,3,4125
2.05,4,24082
0.77,5,3707
1.05,3,5249
1.01,4,8957
1.51,5,13214
0.9,4,4147
1.04,5,8271
1.09,5,5463
1.7,4,11190
1.2,5,9407
0.75,2,5288
1.01,4,6522
1.04,5,6617
1.41,5,8407
0.86,5,3544
0.78,5,3146
1.22,4,9261
2.43,5,60188
1.52,4,12275
1.2,3,7450
1.25,5,9450
2.01,4,18507
2.01,4,26369
1.15,5,6682
1.5,5,13135
1.59,4,11635
1.27,4,6654
1.01,5,5982
1.22,5,11891
0.9,4,4400
1.01,4,7496
0.75,2,3610
1.66,2,17529
1.88,5,12193
1.35,4,6961
0.91,4,5029
0.75,5,2985
2.13,4,21182
1.02,5,7464
1.02,4,4737
2.14,4,28132
1.03,4,4304
1.0,4,4995
2.39,2,22377
0.77,4,3241
0.8,4,3954
2.8,4,33518
2.02,4,22986
1.05,5,7070
1.01,1,5015
1.11,5,4771
1.04,5,9949
1.53,5,10760
2.0,3,20665
2.0,5,25666
1.55,5,17143
2.01,4,18184
1.16,5,9348
0.8,4,3040
1.0,3,4759
2.11,5,22078
1.05,4,5730
1.5,4,12798
2.49,4,38001
1.71,4,17685
1.54,3,9048
2.22,5,41659
2.19,4,14819
1.0,4,6549
1.51,4,9664
2.0,4,30446
1.02,4,5598
2.01,5,16564
1.21,4,8353
1.03,5,8493
1.06,5,8218
0.77,5,2475
2.01,4,20061
1.07,5,6479
1.0,3,5254
1.01,5,7519
0.91,3,3855
2.01,3,15371
2.0,4,18818
1.5,5,16171
0.91,4,4191
0.88,5,4054
1.2,4,5869
1.19,5,9918
1.26,5,8574
1.22,2,9366
1.06,5,5116
0.8,5,4043
0.92,3,5262
1.1,4,5667
1.33,4,8081
1.51,3,10085
1.01,1,4299
2.18,3,30175
1.02,5,5016
2.08,5,16950
1.04,5,7425
2.04,5,18663
2.12,5,30687
1.27,5,11157
1.21,2,10685
0.91,1,5151
1.21,5,12657
1.04,5,7375
1.22,2,11704
1.17,5,7447
1.15,4,5352
0.82,5,3596
1.25,5,11511
1.11,2,6090
1.2,2,11530
2.5,5,20009
2.01,4,29686
2.07,5,20737
1.5,5,14067
1.5,5,25406
0.75,5,3017
1.0,4,7607
0.91,4,4972
1.72,4,17857
1.72,5,16472
0.9,4,5148
1.51,5,12055
0.83,4,3984
2.07,3,45392
1.09,3,5672
1.01,3,4661
2.05,4,29396
1.04,4,7481
0.79,4,3047
1.07,5,10453
1.01,5,5119
2.07,5,21316
0.77,5,3000
0.76,4,2601
0.91,5,5085
1.09,5,8730
1.28,5,9342
2.1,5,28482
1.66,5,15210
0.87,4,3178
1.51,4,14530
1.01,3,5655
1.28,4,7169
0.9,3,3990
1.01,4,6406
1.73,5,16153
1.01,4,4788
2.01,4,21558
2.2,4,52558
1.0,4,8050
1.01,5,10688
2.0,4,37278
1.36,5,13725
1.03,5,17991
0.83,4,3774
2.0,4,29840
1.02,5,6648
1.02,5,5505
2.1,5,28587
0.79,3,3436
2.01,3,18640
1.0,4,7361
0.9,4,4537
0.76,4,3655
1.52,4,10010
0.75,4,3048
2.02,3,27311
0.77,4,2750
0.8,5,4086
1.51,5,16688
1.23,5,7181
1.11,5,7740
1.29,5,9465
2.02,5,25986
1.01,4,6480
0.83,5,3538
2.01,4,35302
1.24,4,10185
0.9,4,3844
1.52,5,9067
0.9,3,4315
0.76,4,2818
1.21,4,9358
1.11,5,12016
1.01,3,4816
1.0,3,5081
2.06,5,34712
1.0,4,9870
1.25,5,11233
2.17,5,16901
2.37,5,36025
0.85,5,3548
1.0,3,5766
2.05,5,28519
2.41,4,36644
1.24,5,6381
0.91,5,5176
1.01,4,7179
1.01,3,5770
1.56,5,10333
1.25,2,12869
1.19,2,10572
2.13,5,36372
2.12,5,26221
1.61,5,11844
1.54,4,19810
1.42,4,12891
2.0,5,26746
0.9,4,3950
1.02,4,5259
1.35,5,10067
0.9,4,3752
2.0,4,26869
2.01,5,18339
1.15,2,11014
2.04,5,16036
1.01,3,6126
2.19,5,35051
0.92,3,3329
1.39,5,9519
2.02,4,21075
1.18,5,10324
1.0,4,9248
0.82,5,4628
1.02,4,5386
0.9,4,4537
0.75,5,3679
1.57,5,12004
2.03,5,26365
1.72,5,19920
0.9,5,4795
0.88,4,5052
0.75,4,3046
2.01,3,15147
1.15,4,8906
1.24,5,8299
1.0,4,5571
1.15,5,8109
1.02,3,4654
1.01,1,5085
2.01,5,37701
1.36,4,12515
1.11,4,8129
1.8,5,20343
1.04,4,8225
1.04,5,6458
1.21,5,6418
0.92,5,4325
0.82,5,2759
1.01,3,4713
1.24,5,8693
0.77,3,2184
0.93,4,5181
0.81,5,3109
1.24,5,8797
2.01,5,27241
0.9,1,4105
1.81,5,24561
0.81,3,3042
2.0,4,30542
0.9,4,4799
2.01,4,19789
1.05,4,5197
1.24,4,9738
0.9,3,3796
2.15,5,19592
0.82,4,2602
1.1,3,5468
1.35,5,7780
1.0,4,6267
0.75,4,5239
1.09,4,5463
1.22,5,9339
0.84,4,3392
1.8,4,11793
1.14,4,6103
1.07,2,7357
1.23,5,6449
2.01,3,16304
1.03,5,9712
1.07,2,8456
1.68,5,16985
1.01,5,11082
1.29,5,11182
1.23,4,8494
1.01,4,4794
1.01,5,5182
2.06,5,24226
1.2,3,5600
1.01,4,4868
1.5,5,13135
0.77,4,3787
1.61,4,12028
1.01,4,6754
1.01,3,5614
2.02,4,15759
0.9,3,4268
0.76,2,3075
0.78,5,3147
1.11,4,12200
1.57,5,21465
1.23,4,9999
2.39,5,23625
1.02,4,4508
0.88,4,2699
0.77,5,2798
1.51,5,10186
1.26,5,8238
1.21,5,5452
0.9,5,4471
1.24,5,9209
2.1,4,19644
1.0,4,5619
1.0,5,7928
0.76,5,2679
1.01,5,6449
1.13,4,9357
0.91,5,4663
2.03,4,17297
1.01,4,4243
0.9,4,4324
1.21,4,5452
1.28,5,9568
1.04,5,6155
1.72,5,17779
1.52,4,13492
2.2,4,20072
2.0,4,8803
1.5,5,13955
2.2,3,19830
1.71,5,16575
2.0,4,24530
1.65,5,10365
1.62,5,13843
1.7,4,18107
1.0,3,6445
1.0,3,6389
1.72,5,19353
1.53,5,10947
2.01,4,19044
1.21,3,6861
1.17,4,7644
2.04,4,18127
1.22,4,10529
0.9,4,3880
1.04,5,7467
1.53,4,7971
1.06,4,5893
1.04,5,8515
2.48,5,67382
0.8,5,3831
1.12,5,7971
1.01,4,7226
2.09,5,38627
1.54,5,17194
0.92,3,3785
1.45,4,9683
2.48,4,50585
1.2,4,5955
0.83,5,3849
1.0,4,5161
2.43,4,44379
1.02,5,5301
0.77,2,3702
1.0,4,5718
2.08,4,16664
0.92,5,3679
1.14,2,7079
0.76,5,3075
0.77,4,2513
1.52,5,12847
2.09,5,26058
1.27,5,8652
1.01,3,4781
0.75,4,2744
2.07,5,33687
2.5,5,29223
1.71,5,10668
1.52,4,11014
2.17,4,15760
1.3,5,8027
1.22,5,7835
0.9,4,5754
2.66,5,46861
2.16,5,27874
2.05,5,31298
1.02,4,6622
1.01,4,5944
1.0,3,4447
1.01,4,6522
2.01,5,22373
1.11,4,8233
1.06,5,7641
1.14,4,4973
1.36,2,8989
1.2,4,5986
2.02,3,16593
1.51,5,9337
1.23,5,7803
0.9,4,5167
1.02,4,5778
2.1,5,22093
2.02,5,24579
1.5,4,13537
1.5,3,9278
0.96,1,4308
1.1,4,7406
1.13,5,5671
1.51,4,15110
1.06,4,5664
2.07,4,29735
1.25,5,14551
1.51,5,20613
1.01,5,7338
0.75,4,2993
1.5,5,10181
1.51,4,10947
1.16,4,9023
1.02,4,7010
1.21,5,7954
1.08,4,8221
0.94,4,4556
1.74,4,16286
2.0,3,17440
1.04,4,7653
1.5,4,12152
1.51,3,7461
1.34,4,9735
1.02,4,4624
1.0,5,5115
1.0,3,4661
1.17,5,9142
1.22,5,7418
0.9,4,4981
1.08,5,4705
1.12,5,7153
1.16,5,9432
2.05,5,34736
0.81,5,4053
0.9,4,4276
2.02,3,19466
2.13,4,25921
1.01,5,19146
0.87,4,3664
1.13,2,7464
2.02,4,26435
2.09,5,22280
1.01,4,6456
0.9,4,3407
1.17,5,11029
1.19,5,7633
2.22,5,32516
1.5,4,12000
0.95,4,5101
1.51,4,12779
1.15,5,6772
1.02,5,6499
0.9,4,4813
2.2,5,32780
1.11,5,9345
1.2,5,11883
1.51,4,10231
0.9,3,4291
1.09,5,5732
1.57,4,12697
1.01,5,6257
2.2,5,48845
0.9,4,3605
1.58,5,11419
2.15,4,25538
2.01,4,19079
2.15,4,17774
1.51,3,13010
2.22,4,20073
1.27,5,9489
1.32,4,9513
1.04,5,6468
1.07,4,6274
0.83,5,3433
0.77,4,3040
1.05,5,4516
1.52,5,11797
1.19,3,7152
0.77,4,3500
1.01,5,17458
1.55,5,15979
2.05,5,15629
2.0,4,18759
1.51,4,17203
2.08,4,23041
2.23,5,22328
1.29,5,8482
2.01,3,14968
1.2,5,8037
2.14,5,17213
1.62,5,12186
1.11,5,8347
1.5,3,12649
1.01,4,5861
2.07,4,19602
1.0,1,6210
1.14,4,6464
1.2,3,6793
1.2,5,11840
0.9,5,3537
2.26,5,35200
1.2,5,9625
1.3,5,6451
1.01,5,6945
1.53,5,12616
0.75,5,2680
0.85,5,3403
1.02,3,4983
0.81,4,2714
1.51,4,9058
1.0,3,4489
2.1,4,29308
1.06,5,6570
2.02,4,31941
1.58,5,13397
0.91,4,3664
1.04,4,8107
2.58,5,40625
1.54,5,12120
1.23,5,8509
0.96,4,4027
2.19,5,40667
1.23,4,5874
1.2,4,8150
1.5,3,8999
1.0,3,4859
1.21,4,11213
1.22,3,8533
1.01,4,5777
1.59,5,13298
1.14,2,9090
1.09,5,8810
1.15,4,11906
1.2,5,8954
1.2,4,8089
0.9,3,3931
2.18,5,23470
0.9,3,4117
0.91,4,5484
1.0,4,6207
1.14,5,8845
1.5,4,11654
1.1,2,6837
1.0,4,5051
1.72,5,13215
2.02,4,21039
1.34,4,6883
1.01,5,8977
0.9,4,4661
1.52,5,20211
1.0,4,7060
1.2,4,10495
1.21,4,13630
0.85,5,3639
2.0,3,18376
1.08,4,6777
1.5,3,11668
1.52,4,9163
1.04,5,6481
1.02,4,5207
1.64,2,12199
2.0,3,20426
2.64,4,93813
0.9,4,3168
1.01,4,6905
0.9,5,4634
0.9,3,4508
0.9,4,4314
1.4,5,14231
2.01,4,21440
2.09,4,22791
0.91,3,4265
0.92,4,5209
1.01,4,5231
0.79,5,3171
1.83,5,19293
1.06,5,10307
0.9,3,4362
1.0,3,8949
0.76,5,3306
2.13,5,19969
2.03,5,27293
1.55,5,10583
1.08,3,5575
0.79,4,2878
1.06,4,5435
1.37,5,7966
1.5,4,11194
2.0,3,24376
1.46,4,25848
2.32,4,32906
2.08,5,35771
0.76,4,3394
1.05,4,5406
2.07,4,27305
1.28,5,11996
1.01,5,4886
2.01,4,25556
1.01,5,10819
1.09,5,5421
0.8,4,2885
1.01,5,6956
1.01,5,6439
0.78,5,3736
2.61,5,22110
2.51,5,46395
1.05,4,4975
1.76,3,12429
1.16,5,5908
2.39,5,31857
1.05,5,4924
1.46,3,11851
1.01,4,6733
1.54,5,14462
1.51,4,11164
1.18,5,5378
1.03,4,6931
0.83,5,3846
1.39,4,7130
0.91,5,5458
1.24,5,6232
2.03,4,16685
1.12,5,9719
1.0,3,6187
1.51,3,14654
1.2,5,5514
2.0,4,24578
1.01,4,5026
1.5,4,8827
0.79,5,3605
0.79,5,2846
0.92,4,3800
2.09,5,22315
1.08,4,5127
2.03,4,19249
2.17,5,21482
1.19,3,4958
1.54,4,10937
1.05,5,7019
1.0,3,4574
2.51,5,28105
1.5,4,21690
0.76,5,3363
0.84,4,3174
1.66,5,10795
0.83,5,3990
2.04,4,17323
0.92,5,6734
1.59,4,18406
1.02,4,7292
1.12,2,9710
2.01,3,20157
2.01,4,40217
0.76,5,3746
1.09,4,6990
1.51,4,9297
1.5,4,10372
1.01,1,4263
0.76,4,2699
1.65,5,11472
0.77,5,3638
0.91,4,4785
0.91,4,4389
2.03,5,24768
1.08,4,4790
0.77,4,2915
1.48,3,15164
2.01,5,21204
0.8,4,3532
2.26,3,26847
1.0,4,4908
1.09,2,6225
0.91,3,3893
2.13,5,31390
1.12,3,5640
1.01,3,4805
2.01,3,15290
2.41,5,19515
1.04,4,14206
0.91,5,5142
2.28,4,37274
1.01,4,9873
2.0,3,18069
1.51,4,9058
1.33,3,10096
0.78,5,3736
0.78,4,2565
1.01,3,5829
1.38,5,7930
1.01,4,8538
0.81,3,2534
1.11,2,10266
1.01,4,5174
1.05,5,5095
2.01,5,21254
1.01,4,7583
2.02,5,18324
0.9,4,4405
1.6,5,11890
2.0,5,34689
1.13,5,13335
2.33,4,18119
1.04,4,5490
1.03,5,8385
1.2,5,10812
1.2,4,5816
2.28,5,25530
1.09,5,9558
1.07,5,8145
2.2,4,32526
2.02,4,25815
2.01,4,28424
1.0,3,4916
1.24,5,10724
1.3,4,6819
2.02,4,16179
1.31,5,13406
2.02,4,25190
1.24,4,8064
0.75,2,3171
1.06,5,5798
1.56,5,14112
1.64,4,9144
1.74,4,15626
2.15,5,32374
2.04,4,19367
0.9,5,4403
2.51,5,25113
1.57,5,10621
1.0,1,4771
2.05,5,25544
1.51,4,12106
0.92,4,5183
1.19,2,9066
1.03,5,10003
0.91,4,3991
2.03,5,30170
1.5,4,11392
1.51,5,10821
0.9,4,4518
0.92,2,4488
1.29,4,9105
1.19,4,6127
2.13,4,15965
1.52,5,13809
0.9,3,3997
1.01,5,5932
1.75,5,12531
1.2,4,7372
1.05,5,8083
2.05,3,41217
1.02,4,4623
2.08,5,17469
0.76,5,3401
1.13,5,10017
2.28,5,33839
2.01,5,22989
1.31,3,6793
1.14,5,20452
2.15,4,26580
1.0,1,5212
0.91,5,3954
2.26,4,17845
0.9,3,3933
1.16,4,4586
0.91,4,4437
1.56,5,10642
2.33,5,24894
1.51,4,13080
1.0,3,5727
0.75,5,3535
2.07,5,18311
1.12,2,7788
2.08,4,20265
2.12,5,15364
1.31,2,13168
1.01,4,5319
1.26,5,7578
1.7,5,13848
0.9,3,4182
1.3,4,10298
1.51,3,10277
0.82,4,3032
1.06,5,7618
0.92,4,4188
1.06,5,5576
1.31,4,6686
1.21,5,8286
1.01,3,6288
1.0,3,6315
2.07,5,17045
2.23,4,23837
0.91,4,3959
2.54,4,50787
2.29,4,20914
2.11,4,16026
0.96,3,4234
1.5,3,18034
1.01,5,5812
1.13,4,5017
0.92,4,4232
2.17,5,20823
0.91,5,4267
0.9,4,5987
1.0,4,5413
1.01,4,6630
2.13,5,29221
1.0,4,6315
1.25,5,5821
1.03,4,5422
1.51,4,8813
0.9,4,3752
2.0,4,19647
1.07,4,7168
1.04,4,4175
0.9,4,4369
1.06,4,4507
2.0,3,17033
1.05,5,4494
0.87,4,4528
1.24,5,14102
1.06,5,5013
1.03,5,10615
2.49,4,36028
1.5,4,8127
2.1,5,19802
1.05,5,9908
2.05,5,27816
1.58,5,14569
1.06,3,5924
1.0,4,5804
1.0,3,6348
0.91,4,4193
2.01,4,20399
0.82,5,3588
1.3,4,10810
1.76,5,19593
1.15,4,5538
1.0,4,5625
1.07,5,9169
1.13,2,6980
0.9,1,3526
0.9,4,5387
2.28,4,22808
0.94,5,7120
1.0,3,5328
0.91,5,6444
2.18,5,34895
1.02,5,4988
1.63,4,13441
1.01,4,9096
1.01,4,5436
0.83,4,4519
0.9,5,3629
1.21,2,6688
1.54,4,13284
1.01,4,6563
1.52,4,10497
2.08,5,31542
1.5,4,13528
1.02,1,5681
1.5,4,13372
1.1,5,6387
2.02,4,20444
1.55,5,17317
1.35,5,13230
1.26,5,9605
1.08,5,5462
1.53,4,14931
0.8,5,4747
1.28,5,9488
1.28,5,11372
2.03,4,19926
1.26,2,15247
1.43,5,10676
0.93,5,4374
1.06,4,12642
2.73,4,43163
1.1,5,9856
1.32,4,7270
1.3,1,8040
1.03,5,7068
2.01,4,23015
2.16,5,18029
2.3,5,54845
1.01,3,4866
1.11,4,9117
1.03,5,5721
2.04,5,21094
2.03,5,21170
1.21,2,10685
1.03,2,11611
0.75,4,2693
0.9,3,3718
1.1,5,8832
0.9,4,3890
1.51,4,10576
2.02,4,31251
1.02,5,4229
0.77,5,3544
2.6,4,24230
1.03,5,7894
2.1,5,25488
0.9,5,4198
2.15,4,22570
1.23,5,10572
1.01,3,7915
1.14,4,5819
2.05,5,20668
1.54,4,15225
0.9,4,4178
1.02,3,4105
1.04,5,5654
1.0,4,4991
1.34,5,14593
1.01,4,7188
1.04,5,9351
1.0,4,4826
2.13,5,20041
2.08,3,25938
0.79,3,2800
1.0,3,7131
0.77,5,2781
0.91,4,4392
2.01,4,32783
1.1,4,6091
1.72,5,19693
2.08,4,24345
1.06,4,7094
1.03,4,10988
1.51,4,14976
1.22,4,5966
1.7,1,11038
1.04,5,6035
0.78,4,3045
0.77,2,2946
1.01,4,6649
1.0,4,10477
0.86,4,4665
2.5,4,34943
1.0,3,8374
0.82,4,4844
2.19,4,31796
2.01,4,17570
0.91,2,9182
2.39,5,38072
1.01,3,5277
1.0,4,6094
0.91,4,4250
1.12,3,5138
1.32,5,12046
1.51,4,7996
2.28,5,25098
1.28,5,16269
1.26,4,8040
1.06,5,9302
2.0,3,17447
1.06,5,5020
1.5,5,8291
0.86,4,3371
1.04,4,11087
0.9,3,4360
1.01,3,6509
1.27,5,7937
1.11,5,10053
1.5,1,7912
2.05,5,22062
2.02,5,26306
2.03,5,34706
1.28,5,11164
0.92,5,4140
2.17,4,23776
1.01,3,5411
1.5,3,11693
1.21,5,6691
1.78,2,35955
2.02,3,20256
0.9,4,4804
2.16,4,37130
1.01,3,5309
0.9,5,4689
1.24,5,11376
1.0,3,6457
2.02,4,25725
1.13,5,7147
1.0,3,5037
0.8,5,4146
1.86,5,27839
1.01,5,7178
0.94,5,5056
1.16,5,5587
1.6,5,12942
1.04,4,5964
1.61,5,12085
1.13,5,5408
0.9,4,3595
0.9,4,4201
1.16,5,7059
1.29,5,8887
2.28,5,23837
2.03,4,16422
1.22,4,7372
2.51,4,28847
2.09,5,24699
2.18,5,29641
0.91,4,5200
1.01,5,8119
1.07,5,7210
2.0,3,30014
0.93,5,4179
1.01,4,6825
2.07,5,44869
1.58,4,14084
1.51,5,23003
2.0,1,23203
0.93,5,4317
2.01,4,20492
1.59,4,16327
0.9,4,4925
1.02,4,5245
0.9,4,4004
1.26,4,7477
0.9,3,4682
1.21,5,10556
1.85,4,17479
2.02,4,19184
1.55,4,10851
2.09,5,34245
1.03,4,6673
0.8,4,3411
1.12,5,7145
0.9,4,4685
0.9,1,3683
1.11,4,5367
0.9,3,5476
1.5,4,9759
2.02,5,15942
1.0,3,4859
0.76,4,2873
0.85,2,4363
1.21,5,9323
2.47,5,48030
1.28,2,10598
0.9,4,3950
0.79,5,2539
2.01,5,18566
0.9,3,3388
0.8,4,3839
2.34,5,25134
0.9,4,4009
1.5,4,14061
2.03,5,27632
1.01,4,7107
1.6,4,9633
1.5,4,21429
2.46,5,25354
1.06,5,5362
2.25,3,18623
1.02,3,4957
1.3,4,10654
0.91,5,4022
0.9,4,3643
1.07,2,6582
1.04,5,9109
1.01,3,6332
2.06,5,18971
0.92,4,5800
0.92,3,3723
1.2,4,5408
1.01,3,5161
1.0,5,6133
2.02,5,25108
1.07,5,7483
1.2,5,7229
0.9,5,5013
1.27,5,8339
1.67,5,11258
2.15,4,19081
1.02,4,4762
1.14,5,10933
1.02,4,6526
1.59,5,9813
2.58,5,45980
1.5,5,9533
1.06,5,6728
1.26,5,6306
1.01,4,6669
1.12,2,7812
1.0,4,5203
0.91,5,4240
0.9,5,5373
1.07,5,6187
2.02,4,17581
2.1,5,30773
0.9,4,7747
1.01,4,5073
1.32,4,11346
2.01,5,16562
1.0,1,4771
1.08,5,7551
2.34,5,32776
0.79,4,2589
1.27,4,8235
2.26,2,45757
1.5,3,11577
0.76,2,2793
2.05,4,19928
0.9,4,6466
1.03,5,9254
2.02,4,33592
1.65,4,17425
1.51,4,18234
0.93,3,4352
1.13,5,8192
0.75,1,2648
1.0,1,5840
2.08,5,28928
1.55,4,16331
1.04,2,6335
1.5,3,11317
0.84,4,4869
2.02,4,19201
1.16,5,6768
2.07,5,44487
1.03,4,4705
1.22,5,6138
0.76,5,3038
1.05,5,5443
1.51,5,8752
2.01,3,19397
0.9,4,3388
0.9,4,4981
1.03,5,7856
0.9,4,4592
1.01,4,7455
1.5,3,11524
1.23,4,7313
2.01,3,19842
1.0,3,7226
1.51,4,9704
0.9,3,3186
0.91,5,4731
1.01,4,10800
2.76,4,34461
1.5,4,8600
0.92,5,5516
1.13,4,5354
1.31,5,9941
2.01,4,20727
1.58,5,12170
0.91,5,5411
1.3,5,12010
1.0,4,5021
1.01,3,4790
1.23,4,6826
1.2,3,6076
1.03,5,7896
1.66,5,20297
2.27,5,27845
1.2,3,5579
0.76,5,3170
2.11,4,17044
2.01,4,23135
0.77,5,3004
1.0,3,8050
1.51,4,11701
1.03,4,5168
0.8,4,3381
1.14,5,7750
1.55,5,11101
2.01,3,19591
1.07,5,10061
2.04,4,17315
0.75,5,3684
2.11,5,18671
2.03,5,30802
2.08,3,20797
1.52,5,33020
1.04,5,5734
1.18,4,7619
0.91,4,4849
1.01,4,6777
0.79,4,3919
1.01,5,4612
0.9,5,5081
2.43,5,47843
0.9,4,4298
0.78,5,3601
0.92,5,4232
2.01,4,14423
1.07,5,11501
1.61,2,20435
1.25,4,6364
1.01,4,4375
1.02,3,4575
1.01,4,5461
1.14,5,6628
0.82,4,4141
2.01,4,26306
1.01,5,6295
1.25,4,7846
1.2,5,5826
1.12,5,7325
2.12,4,49184
1.14,4,5355
1.77,4,14907
2.02,4,18097
1.01,1,4844
1.53,4,19140
1.5,4,11352
1.51,4,21182
0.92,4,5779
1.51,4,12589
1.51,4,11077
1.01,3,5616
1.19,5,10508
2.15,5,31725
1.29,4,7044
1.25,5,11142
1.21,4,9196
0.91,5,5491
0.75,5,3227
1.01,4,7290
1.22,5,10622
1.63,5,12155
1.05,4,6132
1.5,5,15996
0.76,4,3364
1.02,3,7601
1.01,4,5759
1.54,5,11333
1.52,4,11776
0.82,5,3966
2.19,5,41957
1.25,4,10759
1.11,5,4849
1.09,5,5486
0.9,4,4178
1.55,5,14174
2.01,5,20865
1.13,5,5389
1.5,4,11491
0.85,4,4293
0.77,4,2873
2.01,4,16383
1.01,5,6964
1.01,4,7188
0.91,5,4627
0.91,4,3830
1.09,5,8149
1.02,4,5155
1.55,4,14386
1.07,5,5532
2.04,4,34458
0.76,4,3111
1.09,5,8753
1.09,4,5364
1.19,5,5690
1.2,4,8800
1.51,4,12106
0.83,5,4617
2.04,3,18026
1.4,5,10976
2.23,5,27942
2.01,3,16853
1.06,4,5627
1.51,3,8758
1.07,2,12031
1.03,4,6946
2.01,5,45345
2.12,5,19325
0.85,3,2945
0.8,5,3697
2.35,4,59415
1.01,4,4611
2.4,4,26318
1.0,4,4719
1.0,4,5073
1.12,4,4624
2.53,5,28608
2.0,3,18897
1.11,5,6077
1.02,4,11314
1.09,4,10463
1.51,5,10960
0.9,4,3649
1.11,2,8168
0.95,4,4244
1.49,5,18614
1.03,4,5711
0.81,4,3404
2.04,3,23353
2.04,5,30177
1.57,5,13724
2.34,3,27017
1.22,2,14414
1.2,3,5458
0.9,4,5151
1.71,5,17869
1.02,4,6689
2.03,5,15272
0.75,5,3073
1.07,4,5808
1.55,4,10711
2.04,5,20827
0.9,4,4413
1.5,3,10391
0.9,5,4475
0.82,3,2918
2.01,5,23145
1.84,5,21196
1.59,5,16021
1.57,5,9095
1.04,4,5447
1.1,4,6812
2.01,4,18576
2.01,4,17877
1.09,5,6259
1.1,2,7525
0.8,4,4495
1.07,4,6008
1.01,4,7037
0.76,3,2995
2.24,5,40122
1.06,2,9810
1.03,4,5789
2.05,4,32676
2.52,5,44973
1.1,4,5298
2.05,4,40865
1.2,2,9604
1.11,5,9507
1.76,5,19126
1.06,4,5491
1.17,5,10342
1.29,5,12132
0.9,5,6302
1.01,4,8265
2.01,4,26109
0.9,3,5356
1.08,5,6089
1.54,4,13010
2.01,4,15126
1.51,5,8641
1.52,5,11971
1.0,4,4538
0.9,3,3666
1.03,5,7231
1.03,5,5804
1.3,4,7087
0.77,2,3451
1.2,5,8771
1.0,4,6396
1.02,4,5824
1.3,5,9710
2.02,4,18930
2.03,4,14720
1.51,5,9178
1.03,5,7391
1.01,5,5589
1.01,1,4176
0.9,5,4579
1.52,5,15239
0.9,3,3696
1.04,5,4308
0.9,1,3282
1.23,2,7881
1.0,5,17094
2.39,5,28901
0.9,4,4939
1.05,5,8625
0.9,4,4409
0.91,4,4795
1.01,3,6912
2.51,4,34314
2.07,4,26454
2.16,5,21941
1.01,4,6050
0.82,4,3460
2.01,4,26069
2.18,4,20149
1.5,5,11825
2.41,5,64552
1.0,3,6389
2.51,5,29835
1.01,5,6579
1.01,3,5828
2.17,3,23417
2.2,5,27227
1.09,4,5950
1.31,5,10957
1.01,4,9312
0.77,4,4399
0.91,4,4399
1.18,5,6364
2.02,5,32176
0.75,5,2679
0.83,5,4271
1.01,5,6512
1.52,3,9909
0.92,3,3820
1.04,5,6619
2.51,4,44441
1.04,5,7457
0.91,4,4045
1.01,4,5220
0.91,5,4429
2.08,4,19119
1.52,5,12304
1.56,5,33868
2.06,5,28278
1.11,4,6311
1.0,5,6073
1.04,3,5877
1.09,5,6480
0.77,5,3638
0.9,3,3357
1.02,5,6857
1.22,5,8354
1.07,5,10195
2.02,4,26874
1.01,4,5461
1.0,4,4566
2.02,3,24735
1.0,3,6568
1.21,3,6022
1.21,2,8863
1.15,5,5940
2.05,4,27899
1.51,4,11030
2.42,5,33668
2.01,4,44486
1.02,4,6709
1.71,4,17206
2.09,5,20361
1.7,5,17957
2.05,4,22665
2.01,4,26293
1.2,4,8491
1.53,5,13832
1.62,5,11885
1.24,5,11503
2.3,5,32635
1.01,4,7098
0.91,4,6682
2.24,5,30354
1.04,4,4678
0.91,5,4609
1.03,4,5029
2.0,4,23503
1.06,5,6058
0.91,1,4036
1.51,4,10210
1.08,5,6539
1.56,4,11804
2.0,4,29225
2.09,5,30857
0.9,3,4004
2.02,5,14977
0.9,4,4379
1.2,5,8467
1.05,5,5477
2.18,5,28348
1.95,4,14293
1.51,5,11961
1.1,2,7203
0.96,1,3703
2.09,5,27175
1.07,4,5250
1.4,4,14547
2.33,4,25766
2.81,5,66554
1.34,4,11735
1.03,5,8645
1.19,5,10079
0.9,4,4058
2.16,5,25583
0.79,5,2946
2.06,4,24817
1.15,3,5935
2.11,5,55838
1.03,5,5418
1.02,5,5283
1.5,4,17279
1.04,5,10792
1.01,5,10761
1.05,5,5291
1.0,4,6762
1.01,3,4984
1.0,3,4820
1.07,5,7161
1.02,5,8198
0.9,5,4439
0.77,5,3468
0.9,4,4328
1.04,5,8826
1.01,3,5700
1.5,4,9804
1.08,5,4639
1.2,2,8852
1.08,5,4588
1.38,4,11286
1.13,4,7569
1.1,4,6746
0.9,2,6689
0.92,4,4597
0.88,5,5595
1.63,4,11368
1.03,4,5924
1.24,5,8457
0.76,4,4655
1.01,1,6941
0.77,5,3154
0.8,5,3597
1.01,5,5049
0.81,4,2806
0.91,5,5535
2.32,5,32073
0.91,3,5225
1.22,4,9034
1.22,5,8014
0.76,5,2709
0.91,4,4992
2.03,5,16931
2.03,3,28230
1.1,4,11062
2.06,5,23951
2.4,4,63815
1.13,5,11387
2.07,2,33647
2.28,4,23187
1.03,5,9932
1.22,5,12886
1.56,4,15334
2.07,4,17427
1.04,4,5778
1.0,4,10346
1.08,5,7629
2.2,5,23189
0.92,4,3701
0.9,3,4117
2.0,5,44853
2.05,4,30037
1.01,5,4638
1.15,5,5940
1.51,5,8752
1.09,5,8753
2.05,5,24019
2.24,5,21105
1.05,5,6467
0.82,5,4181
2.22,5,19824
0.8,4,2723
1.0,4,4425
1.05,3,5119
0.76,5,2788
0.76,2,3212
1.04,4,4468
1.31,5,10359
0.8,4,3235
1.21,5,10177
1.01,5,6132
1.5,5,9533
1.01,4,4556
2.36,4,23109
2.24,4,24149
1.08,3,4344
1.08,5,7241
1.2,4,9586
1.01,3,8339
1.2,4,7080
2.09,5,18713
1.52,4,15819
1.01,3,14361
2.79,4,43163
2.51,5,31298
1.07,5,6587
2.05,5,39599
0.9,5,6680
1.02,4,5302
1.12,5,9979
2.03,5,19287
1.01,4,5897
2.02,4,21332
1.14,5,20411
1.25,5,10922
0.91,4,3170
2.02,4,30745
2.32,4,27514
1.04,5,5495
0.8,2,4388
1.0,4,4820
0.83,5,4230
0.92,5,4249
1.34,2,10098
1.09,4,6688
1.26,4,9767
2.01,4,18500
1.17,5,6368
1.0,5,6535
1.01,4,4065
1.1,5,6972
2.13,5,27122
1.0,1,3899
1.5,4,12985
2.0,4,15745
0.79,5,2844
1.6,5,10408
2.08,5,17539
2.07,5,27142
2.0,4,14057
2.0,3,20221
1.51,3,10088
1.01,5,5861
1.28,5,9640
1.08,5,6203
1.21,5,5452
1.01,4,4890
0.9,4,3437
1.34,4,7314
0.9,3,4229
0.9,4,4471
2.01,5,23326
0.81,5,3913
0.9,4,5195
1.06,5,5161
1.51,5,14779
0.92,4,4253
1.52,4,11094
1.12,5,8074
1.0,3,5642
1.2,5,9373
1.02,5,6968
1.15,4,7662
2.01,5,23156
1.01,5,4767
0.9,4,3629
2.0,3,20566
1.51,5,12788
2.02,4,28147
0.9,4,4664
0.82,4,3048
0.79,4,2755
1.02,4,5126
1.11,5,8129
1.5,4,9611
1.6,5,9376
1.5,4,13001
1.22,5,6581
1.14,4,6386
1.01,4,5812
1.52,4,13357
0.9,3,3734
1.23,4,6335
2.07,4,17019
0.85,5,3766
2.01,4,21119
0.99,5,5728
1.14,5,10735
2.36,4,18098
1.29,5,6372
1.01,3,6271
1.51,1,9701
1.02,4,5732
1.02,5,7123
1.61,4,11513
2.23,4,21706
2.54,4,25867
0.8,4,3093
1.2,4,7141
0.9,3,3282
0.79,5,3384
1.06,4,6169
1.01,5,5375
2.7,5,50350
0.9,4,4832
1.91,4,28557
0.9,4,3407
1.22,2,7430
1.28,5,11696
1.32,5,9773
1.69,5,11086
0.91,3,3971
0.92,5,4696
1.23,4,10454
2.07,5,46290
2.01,5,18736
1.11,3,5238
1.08,4,5256
1.13,4,5584
1.01,4,4610
1.1,5,7434
0.75,5,3434
1.01,4,6128
2.04,4,20645
1.0,5,5555
1.5,4,16501
2.08,5,28928
1.62,4,10567
2.04,3,15511
1.02,4,5280
1.0,3,4149
1.06,5,8515
1.05,5,7270
1.52,4,11772
1.5,5,12702
0.92,4,3800
2.01,4,26089
1.06,2,8093
0.93,4,4252
0.9,5,4537
1.02,5,6264
1.28,4,11376
1.0,5,7520
0.9,3,3946
1.17,4,5995
2.04,4,27499
1.01,4,6449
1.0,4,7281
1.02,2,9502
1.5,5,11146
1.06,5,6890
1.01,4,7211
2.0,3,25994
2.01,3,14552
2.02,3,25270
1.07,5,7133
0.85,5,4089
2.04,5,22553
1.5,5,17532
0.91,4,5468
1.52,4,16649
1.02,5,7730
2.25,2,36836
0.9,4,4484
1.02,4,6007
0.82,5,3622
2.05,4,21172
2.09,4,26342
1.05,2,12273
0.75,5,2383
2.05,5,19516
2.05,5,25656
1.13,5,11115
0.91,4,3911
0.76,5,3424
0.75,4,3817
1.02,4,8657
2.19,4,33491
1.06,4,6778
2.04,5,18282
1.2,2,16130
2.04,4,29060
1.08,5,6516
0.9,4,3863
1.01,3,7377
2.02,5,21167
0.78,5,3035
2.01,3,26089
0.9,4,4598
1.27,5,7271
0.75,4,2876
1.07,5,12545
1.21,4,9380
1.61,5,16205
1.09,5,9410
0.91,5,3664
0.9,3,3465
1.55,5,11011
2.01,3,18143
2.11,4,23138
2.11,5,49740
1.05,5,5586
1.51,3,10750
0.78,4,3563
1.0,4,6196
2.03,4,29713
1.31,2,13057
1.16,5,6954
1.04,5,6831
0.78,5,3171
0.91,4,5468
1.13,2,14816
1.51,4,10190
2.43,5,54334
1.6,5,13377
1.01,4,4189
2.01,5,30348
1.11,5,9261
0.84,5,4736
0.91,4,4665
1.06,4,7191
1.59,5,10752
0.91,3,3606
1.28,4,7517
1.05,2,9330
1.16,4,7589
1.23,4,7717
1.02,5,6266
2.16,4,20740
1.29,5,13142
0.9,4,9090
2.07,5,29219
0.81,5,3544
1.57,5,10633
1.81,4,18835
2.01,5,34538
1.07,5,5813
0.81,4,3308
2.03,4,20550
1.2,4,6972
1.0,5,9685
1.5,4,10873
1.08,5,6539
1.2,5,7473
2.0,5,31924
2.01,3,20340
1.62,4,16625
0.8,5,3293
1.01,3,4616
1.03,5,6902
0.77,4,3488
1.2,4,8769
1.01,4,4313
1.62,5,16183
1.53,3,11349
1.03,5,8612
1.2,4,5352
0.96,4,5913
1.0,4,4793
1.03,5,6460
2.01,4,27183
1.2,5,7372
0.9,2,4740
0.78,5,4183
2.01,3,31365
2.41,4,51271
0.8,4,2473
1.13,4,8561
1.28,5,6600
2.16,4,17904
1.02,3,5884
1.02,4,6632
2.07,4,22900
2.74,4,27285
0.91,5,3872
1.13,4,6534
0.9,1,4358
1.19,5,7466
1.03,5,5356
1.0,4,6694
2.02,4,21928
2.02,3,52570
1.08,3,5403
2.02,5,64453
2.02,4,18731
1.02,5,7020
2.14,5,20362
1.59,5,12098
1.0,4,5939
0.91,5,3697
2.01,3,17879
1.51,4,9694
1.5,2,21002
2.41,5,20928
1.22,4,9495
1.01,4,5085
0.9,3,3804
1.23,4,10004
1.0,4,5568
0.75,5,3949
1.01,5,8869
1.32,5,9572
2.79,5,101561
1.3,4,7985
1.25,4,7227
2.18,5,19379
0.77,5,4407
1.01,4,6552
1.14,5,9037
0.75,4,2923
1.56,4,9494
0.9,3,3967
1.14,5,8743
0.76,4,2551
1.05,4,7913
1.09,5,6419
1.21,5,11019
0.78,4,2945
1.32,5,11419
1.21,5,8629
2.0,4,35038
0.9,3,4190
2.91,3,27277
0.92,5,8058
1.01,4,6845
1.22,5,9203
0.9,4,4334
0.9,4,5434
1.01,4,6632
1.06,4,9433
0.79,4,4003
0.76,3,3057
1.17,5,10431
1.55,5,12526
0.81,2,3514
1.44,4,12117
1.35,4,13053
1.51,4,13624
1.05,5,5361
1.01,4,6288
2.08,5,17637
1.15,5,6552
0.9,4,4078
0.9,4,6892
1.57,5,12396
0.92,5,4568
1.09,4,7281
1.06,4,6230
1.12,5,8080
1.07,2,5800
1.06,3,6893
0.82,5,4135
1.5,3,15665
2.01,4,26043
1.57,4,9809
1.01,4,6714
2.31,5,28792
2.16,5,38366
1.08,2,10292
2.63,3,30387
2.01,4,16901
1.02,4,4150
2.04,4,19629
0.91,1,3581
2.03,5,25313
0.8,5,3653
2.59,4,25158
0.9,4,4034
1.53,5,13386
1.01,4,5165
1.58,5,18965
2.17,5,17984
1.5,3,9620
1.5,4,15013
2.01,5,16766
1.01,3,5972
0.91,4,3924
1.08,2,8529
0.76,5,3927
1.12,5,5818
2.15,5,19592
2.02,4,33787
1.22,5,9239
1.25,4,11589
1.08,4,9168
1.22,5,8830
0.9,3,3788
0.81,2,4387
1.0,4,5671
1.02,4,6166
1.0,1,4925
2.05,5,22892
1.01,5,7121
0.9,4,3533
1.01,5,9463
1.52,5,9358
0.91,5,4666
1.01,3,5073
2.04,5,23045
1.57,4,13516
1.01,2,11400
1.03,3,4413
1.51,5,12846
1.03,5,5418
2.48,4,23762
1.5,3,8161
1.04,3,4741
1.5,5,11557
1.2,4,7737
1.0,1,5405
1.0,4,4149
1.5,5,33691
1.52,4,13799
1.11,4,6771
0.91,4,4913
1.01,1,5383
1.12,1,5487
1.53,3,11207
0.76,2,3050
1.23,5,10317
1.0,5,5622
0.79,4,2878
2.02,4,21770
1.01,5,5184
1.06,5,7594
1.56,4,12098
0.9,4,4369
2.01,3,20524
0.93,1,4179
0.8,2,4740
1.42,5,18682
0.75,4,3268
1.01,5,4641
1.08,5,10046
1.02,4,7740
2.02,4,15759
0.9,3,3788
1.01,4,5357
1.05,4,5770
1.21,4,7568
1.51,2,18806
1.63,5,14541
1.11,2,9625
0.92,4,4270
0.97,5,5028
0.8,5,3994
1.24,5,6717
1.7,5,16240
1.53,4,11722
1.27,5,11977
2.01,4,16304
1.01,4,4890
2.2,5,28195
2.03,4,16392
2.08,5,27914
2.21,5,24417
2.19,4,52250
1.18,4,5674
1.53,4,12133
0.9,3,4227
1.27,4,7589
0.9,4,4144
2.01,3,20157
0.77,3,2911
1.39,5,9850
1.01,3,4846
1.31,3,7236
1.01,5,5534
1.08,4,7168
1.16,4,6292
1.02,2,9502
1.62,4,10521
1.14,5,5809
1.14,5,7371
2.3,4,28706
1.41,4,14936
0.8,5,4053
1.01,3,6158
2.08,5,28655
0.82,5,4130
1.25,4,8941
1.09,5,6152
1.05,4,5072
0.91,5,4453
0.91,4,4310
2.02,4,17530
1.26,5,10007
1.55,5,10384
0.8,5,4126
2.01,3,21204
1.02,5,5767
1.01,3,6825
2.07,5,20427
2.09,4,18215
1.02,5,8107
1.0,3,6073
0.87,4,3180
1.01,4,8992
0.8,5,4670
0.9,4,4090
1.04,5,7220
1.01,5,9780
2.0,3,19002
0.94,5,4390
1.08,4,9607
2.01,4,26451
1.51,4,11190
0.9,4,4324
2.42,5,27433
1.34,4,7655
1.8,2,16230
1.0,5,5820
1.07,4,5186
1.41,4,25486
2.15,4,31405
0.9,3,3798
2.04,5,30466
1.04,2,9627
2.17,3,16255
1.03,4,5266
0.93,5,4724
1.3,4,6758
1.55,5,18828
1.08,5,7635
2.01,5,25894
2.01,5,31958
0.84,1,3172
0.9,4,4173
1.33,5,9739
1.58,5,11927
2.26,4,34297
1.11,4,5503
2.31,5,20570
0.91,4,4466
1.25,5,9418
1.1,4,9257
1.08,5,5294
0.9,4,4296
1.01,5,10185
1.01,4,7487
2.25,5,29299
0.9,4,4289
2.01,5,34586
2.01,4,15716
0.9,4,4268
2.02,4,18662
1.26,4,11277
0.9,4,5887
1.58,5,12991
1.4,4,11487
2.0,5,51708
1.51,5,11950
1.02,3,5565
0.8,5,2927
1.52,5,9352
0.92,4,3724
0.76,5,3007
2.01,4,28639
1.4,4,7644
1.21,4,6887
0.9,4,4255
2.11,5,25309
1.0,4,5747
0.76,5,3183
1.23,5,6335
1.52,5,11510
0.91,1,4474
0.9,4,3627
1.53,5,12616
0.85,5,4373
1.02,5,6613
1.22,5,9793
1.4,4,14252
2.0,3,20733
2.04,4,42587
2.02,5,27503
1.0,3,6159
1.01,1,5008
0.9,5,4492
2.52,4,25779
0.9,4,4096
2.02,5,20456
1.01,3,4611
1.2,4,9248
1.55,5,9805
1.21,4,6194
0.9,3,3231
1.16,5,12450
1.5,4,13629
1.52,5,24715
0.79,4,3073
1.0,4,6642
0.81,5,3109
0.91,4,3885
0.82,5,3113
1.04,5,6560
1.4,4,11584
1.07,5,5281
1.08,5,5201
1.34,5,10255
2.01,4,21440
1.09,5,8778
2.11,5,26871
1.27,5,7806
0.9,3,4377
1.3,3,12967
2.01,4,23652
1.0,5,9294
1.02,5,7666
0.9,5,6645
1.2,5,6377
1.33,5,9970
1.0,3,8359
1.07,5,6685
0.99,4,5671
2.04,5,20060
1.54,5,14650
0.96,3,4693
2.16,4,26281
2.09,5,28683
1.5,4,9730
1.2,5,7367
1.05,4,5952
2.14,4,28705
0.75,4,3220
1.1,2,6844
1.01,4,4189
2.04,5,28297
1.33,5,10045
1.09,5,6905
1.24,5,10507
0.91,3,3971
1.0,4,4925
1.07,5,7240
2.05,5,16029
1.0,3,5935
2.02,4,24585
0.96,5,8149
1.02,3,4749
1.06,4,6217
0.75,4,3085
1.12,5,5956
1.21,3,6727
2.03,5,31514
1.02,2,8348
2.39,5,23818
1.15,3,5005
1.12,5,8991
1.01,4,4759
0.76,5,3658
1.23,5,10560
1.19,4,15767
1.16,5,10439
1.07,4,6061
1.13,5,12788
2.44,4,36761
1.01,4,9474
1.33,5,16733
1.02,4,5268
0.9,3,3898
0.9,4,4315
0.76,1,2699
2.02,5,19910
2.18,5,18880
1.01,3,4672
1.04,5,5229
1.22,2,8596
2.0,5,23503
2.45,3,32335
1.02,5,5235
2.0,4,27025
2.2,5,41282
1.69,5,16789
0.82,5,3373
1.24,5,6180
1.0,3,4401
1.28,5,9228
2.0,4,19943
1.23,4,11175
2.01,3,17656
2.01,3,14552
1.04,5,13353
0.75,4,4005
1.74,3,16223
1.54,5,9942
1.01,5,7814
1.26,5,8773
2.24,5,45857
1.13,5,10742
1.32,4,10921
0.79,5,3877
1.72,5,17125
2.1,5,28709
1.54,5,20071
1.51,4,14673
2.01,4,19789
1.22,4,9706
1.51,5,10974
2.07,3,26842
2.16,4,19642
1.5,3,11554
1.07,5,7275
1.65,4,11823
1.67,5,16643
2.07,4,17893
0.9,4,4515
2.0,3,17930
1.0,4,5766
1.05,5,8931
0.83,3,3195
1.02,4,4659
2.0,4,20867
1.29,5,26069
2.16,5,21941
1.38,4,12031
2.6,4,51736
1.07,5,5264
1.2,4,7310
0.9,3,4296
1.57,5,15301
1.06,2,8603
1.2,5,14033
0.91,5,4284
1.23,4,5902
2.08,4,29653
2.02,4,63902
1.04,4,8748
1.54,5,17934
1.2,4,10173
1.17,2,6405
0.8,4,2914
2.01,4,21942
1.7,5,44380
0.96,4,4187
1.03,5,5476
1.11,5,4709
2.0,5,21145
2.44,5,46186
1.5,5,13412
2.04,4,33081
2.0,4,21978
2.08,4,28912
1.01,4,5783
1.01,4,4905
1.21,5,13078
0.84,3,2872
2.14,5,21018
0.75,2,3336
2.35,5,58850
1.04,2,9242
1.01,3,4369
2.02,5,26500
1.22,5,5872
1.08,5,7273
1.07,5,5938
1.08,4,5375
0.8,4,3471
1.23,5,7299
2.01,4,20301
1.51,5,13162
2.01,4,57595
1.01,4,4811
1.0,3,4276
0.83,5,3597
2.01,4,18090
1.15,5,10316
0.83,4,3207
2.24,4,32713
2.0,4,22061
1.07,5,8393
2.01,4,22301
1.26,2,6951
1.0,4,7567
1.0,5,5536
0.85,4,3705
1.04,4,4682
2.01,3,20767
1.23,5,10537
0.78,2,3613
2.01,4,19046
0.9,3,4466
1.59,4,10963
1.03,3,8407
1.29,5,8289
1.13,4,9539
1.6,4,10238
2.01,4,20835
1.05,5,10011
1.05,4,5917
1.18,3,5650
1.01,5,7597
2.72,5,65488
1.1,5,7528
1.22,4,7673
2.23,5,30452
1.12,5,9010
1.0,4,7361
1.11,4,4977
0.76,5,2894
1.05,4,6373
1.52,4,13435
1.18,5,11415
1.08,4,5515
1.54,4,10518
1.41,5,11817
1.0,4,6208
2.02,4,25256
1.0,3,6163
0.81,5,3870
1.06,5,6069
1.22,5,8014
1.07,3,4786
1.13,2,10396
1.53,4,11897
1.03,5,11309
1.07,5,5417
1.51,4,13497
1.09,4,7378
2.09,5,35205
1.31,5,11728
1.5,4,11520
0.9,5,3908
0.87,1,3166
1.51,4,9813
1.0,4,5175
1.01,4,5861
1.51,4,16716
0.95,2,6216
2.01,5,18852
0.91,4,5302
0.9,4,3679
1.04,4,5070
2.1,3,18575
1.1,4,7056
2.01,5,19593
2.21,4,16941
1.02,5,7465
1.07,4,6751
1.07,5,7858
1.52,5,15793
1.53,2,19713
1.06,4,5090
1.18,5,5412
1.14,4,12647
1.02,5,5840
1.07,5,6049
0.9,3,4865
0.76,5,3401
0.9,4,4387
2.0,5,44115
1.21,4,10355
1.01,5,8869
0.9,4,4662
2.62,5,30599
1.02,2,8737
2.01,3,21473
2.02,3,20450
0.9,4,4504
1.16,5,5991
1.08,5,8481
1.02,5,8955
2.0,4,17144
1.53,4,9183
2.35,4,43471
2.12,4,30962
1.06,5,8090
2.27,4,27252
1.01,4,7519
1.62,4,9683
1.2,5,9228
1.79,5,15327
1.32,5,7095
2.24,5,19699
1.2,3,8350
1.53,5,11470
1.36,4,14236
1.01,1,4611
2.02,4,27260
1.02,4,6830
0.78,4,3643
0.91,3,4205
1.18,4,5488
2.01,4,15919
0.8,5,2823
1.2,5,6450
0.9,4,3211
0.9,4,3945
1.01,1,8553
0.91,3,6054
2.02,4,29622
1.26,4,10922
1.14,5,7530
2.12,5,29474
1.02,3,4617
0.85,5,3434
2.11,4,16635
1.01,4,5107
0.77,4,2910
0.85,5,3918
1.59,5,9678
1.5,3,8690
2.03,4,18781
1.03,3,4732
1.11,5,10360
1.03,4,5652
1.24,5,12059
1.01,5,5234
0.9,4,4058
1.0,3,4864
1.02,3,5447
2.02,4,23076
1.52,5,14482
0.75,4,2818
1.01,1,4302
2.01,4,16526
1.2,5,7867
1.5,3,10868
2.03,2,32582
0.8,5,4816
0.75,2,2871
2.3,5,29561
2.23,4,19613
1.0,3,6099
0.9,5,4058
1.26,4,7785
1.0,3,7279
2.01,5,32071
1.08,5,7646
0.9,3,4004
1.2,3,5408
0.93,4,3530
1.14,3,17499
2.2,5,37499
2.03,4,19783
1.52,4,12968
1.29,4,6684
0.79,5,3417
2.0,5,20327
1.37,5,10251
0.9,4,4681
1.01,4,6270
1.04,4,11972
1.01,4,4911
1.01,4,5229
1.01,4,5556
0.78,3,3253
1.22,5,10558
0.9,4,4592
0.9,3,4409
1.19,5,10436
1.0,1,5653
2.0,4,36028
0.9,3,4739
1.22,5,5960
2.03,5,28306
1.09,5,5376
1.24,3,8672
1.06,5,8893
1.27,5,11840
1.56,4,10275
2.17,5,20303
0.96,4,3709
1.16,4,9205
1.1,4,6643
0.9,4,3388
2.01,5,50785
1.02,5,5370
2.18,4,41874
0.8,3,2810
2.01,3,17160
0.86,4,3115
2.01,4,20520
1.01,4,4473
2.01,3,16935
1.01,5,6295
1.11,4,5192
2.02,5,34540
0.76,5,3016
0.91,3,4086
0.9,3,4283
2.03,4,17971
0.77,4,4304
2.02,2,19301
1.24,4,11547
0.79,4,3519
2.0,5,25673
2.01,1,19079
1.84,2,18645
2.0,3,14864
0.87,5,5112
2.01,4,35555
2.02,5,16128
2.09,5,17999
2.0,3,24096
0.8,4,3283
1.13,5,8716
2.04,5,29848
2.2,5,31244
1.0,3,5648
0.9,5,4173
1.13,5,5911
1.0,4,8138
1.02,4,8346
1.51,3,10614
1.52,5,11716
1.1,5,10906
1.58,5,10920
1.34,4,7965
1.05,3,5991
1.2,4,5408
1.07,5,6934
0.75,5,2902
0.8,5,5207
1.2,4,6274
1.21,2,7810
1.27,4,13279
1.01,4,7027
0.9,3,3954
1.09,3,6651
1.57,5,11333
1.23,5,9119
1.2,5,10846
0.8,4,3774
1.01,5,5534
1.01,5,5262
1.02,5,5082
1.11,4,5932
1.63,5,16241
1.09,5,6337
1.01,4,5122
2.17,5,16645
0.79,3,2451
1.36,4,11946
2.21,5,20221
0.77,5,5207
1.12,4,9307
1.03,4,5566
0.91,4,4141
0.9,4,5795
2.29,5,29435
0.91,4,3762
0.77,4,3208
1.25,4,14637
0.85,5,4181
1.63,2,14005
1.01,3,6113
1.5,4,10019
1.58,2,16790
1.68,5,13082
2.01,4,19014
1.27,4,7356
2.01,5,47312
1.18,2,11350
2.01,3,21304
1.02,5,11326
1.03,4,5421
1.08,5,4857
0.8,4,4126
1.0,4,4658
1.21,5,9287
1.24,4,14725
1.57,2,13530
2.33,5,23571
2.07,5,28636
1.26,5,12237
0.91,4,3525
2.0,4,22614
0.92,4,4676
1.01,3,6247
1.06,2,8093
2.0,3,15072
0.76,4,3170
1.03,3,6521
0.92,4,4339
0.9,4,4397
0.91,5,4514
0.87,4,2791
0.78,4,3113
0.8,2,4125
1.22,4,6704
2.01,4,17003
1.58,4,12459
1.22,5,9195
1.0,3,6173
2.01,4,34360
1.51,3,9258
1.02,4,4353
1.01,4,8081
0.81,4,3981
0.94,5,6488
2.11,5,22873
2.01,4,18982
1.09,5,7357
1.02,5,11116
1.02,4,5012
1.0,3,5169
0.9,3,4485
1.06,4,6863
1.02,3,4593
0.91,2,9636
1.56,5,10934
0.93,4,4299
1.5,4,13412
0.78,4,3012
1.02,4,5930
1.57,5,11134
1.0,3,6275
0.9,3,4301
2.03,5,51928
1.12,5,8991
1.56,5,9968
1.59,2,16774
1.0,4,5030
1.02,1,4771
0.8,5,3581
1.01,4,5680
0.9,3,4689
1.07,4,4728
2.02,5,15785
0.8,5,3314
2.0,5,54392
1.02,4,5120
1.27,4,6587
0.92,4,4953
1.04,4,5613
1.0,4,5382
1.65,5,20341
1.0,3,6349
2.37,5,27097
1.0,3,6365
1.29,5,6599
1.21,4,5452
1.01,4,7079
2.28,5,60960
0.92,3,5458
1.21,4,8093
1.09,5,6602
1.08,4,6566
1.51,3,8140
1.0,4,10954
1.0,3,6732
1.5,5,10641
2.0,5,18440
1.09,2,6225
0.92,4,4596
1.02,3,6036
2.14,4,16914
1.02,5,8011
1.07,2,9703
1.0,5,6240
1.11,5,9435
1.71,5,14744
2.11,5,24175
1.2,5,5435
1.06,5,4646
1.03,2,9691
0.78,5,3763
0.96,5,5749
2.26,4,20339
0.91,4,4447
2.07,4,19649
1.05,5,5192
1.12,4,5249
1.5,4,10406
1.52,5,11797
1.18,2,13075
0.79,5,3040
0.82,4,3535
1.03,4,5491
1.2,4,9139
1.21,5,6784
1.33,4,11797
1.01,4,5174
1.05,5,5040
2.01,4,16811
1.0,3,5906
1.5,4,11690
1.39,4,9396
1.53,5,10836
1.0,4,4702
1.02,5,8024
2.02,3,17062
1.26,5,7101
2.01,4,25776
2.01,4,19306
2.04,4,17219
1.22,4,6278
0.82,4,3886
2.04,4,18622
2.01,4,17422
1.53,4,13189
0.75,5,3961
0.77,5,3300
1.07,4,4307
1.26,4,7567
1.52,4,10150
1.59,4,13631
1.01,1,4102
1.0,3,5171
0.91,4,4105
1.3,5,12503
1.05,5,4679
0.8,5,4070
2.02,4,23924
1.03,5,5684
1.32,4,5717
2.01,5,35293
0.92,4,4633
1.25,5,7423
1.81,5,12711
2.01,1,23030
1.7,4,14232
1.06,4,5020
1.07,5,6582
1.52,3,12217
0.94,4,5186
2.03,4,28878
1.03,4,5597
1.07,5,5551
1.51,3,10514
1.0,4,6518
1.01,4,4659
1.01,4,7847
2.0,5,19491
0.9,1,3533
0.92,5,4843
1.19,5,15005
1.21,5,7002
1.0,4,5851
1.51,5,13752
2.11,4,18282
0.91,5,4673
1.21,5,6515
1.26,5,9342
1.27,5,8138
1.0,1,4973
2.01,4,24483
1.53,4,10984
2.03,5,19033
1.86,4,17633
1.07,5,10266
0.91,4,4444
1.12,5,5392
1.54,5,10519
1.01,4,4705
1.5,4,21882
2.1,5,34477
1.01,4,8601
1.03,5,13060
2.06,2,29856
1.05,2,13736
1.2,4,6199
0.78,5,2852
1.0,4,4557
1.62,4,11186
1.8,5,14959
0.9,3,3788
1.5,4,9759
1.06,4,6062
2.11,5,25093
1.51,1,9678
1.08,4,7257
1.02,5,6648
1.01,3,4905
2.5,5,41143
2.0,5,28010
2.55,4,35520
0.9,4,3597
0.93,5,3988
1.31,4,7016
2.01,3,22964
0.76,4,3238
1.57,5,9460
1.03,5,7697
1.01,4,9063
2.01,3,21204
2.22,5,33721
1.01,5,4638
1.4,5,13195
1.52,5,12153
1.04,5,4836
0.77,5,3114
2.05,4,26821
1.61,5,10236
1.0,4,7950
0.93,5,4635
1.01,5,10852
2.1,5,21861
1.01,5,7188
1.23,4,10835
1.17,5,9630
2.27,5,23864
0.87,5,4108
1.05,5,5436
2.25,4,22629
1.38,4,11009
0.91,3,4398
1.01,4,6738
1.01,3,7484
1.0,3,4838
1.63,4,14061
2.11,5,43770
0.91,4,4250
1.05,4,6766
1.62,5,13434
1.8,4,13372
1.15,5,6106
1.02,5,7078
2.23,5,26435
1.53,4,9968
2.62,5,44016
1.5,4,10019
1.01,4,10993
1.14,5,6070
1.05,3,4845
1.05,4,5019
1.0,5,9224
0.83,4,2788
0.82,5,3380
1.06,4,6453
1.03,4,7102
0.9,3,4685
2.3,4,23864
0.99,3,4296
1.01,5,7398
0.85,4,3669
1.23,4,9346
1.09,5,7055
1.01,4,4628
0.76,5,2474
0.9,5,5540
1.5,5,8371
0.91,5,3574
1.07,4,6262
1.53,5,18754
1.21,5,9335
1.01,3,5380
0.76,5,3087
1.53,5,11200
1.0,4,7177
1.0,4,6076
1.69,3,17338
2.37,4,30391
1.0,4,7002
1.01,3,6283
1.67,4,10416
1.01,4,4602
1.03,5,4727
0.76,4,4798
1.0,3,6369
0.79,5,3210
2.27,2,24883
1.55,5,19904
0.91,3,4222
1.54,5,10847
0.79,4,3077
1.56,5,10739
1.09,2,7617
1.2,5,9641
1.6,5,13140
2.01,3,15608
1.0,3,5784
1.56,5,12146
0.75,4,2617
0.82,5,2956
1.52,4,14217
1.3,5,8915
2.03,2,81399
1.01,4,4189
1.29,3,7102
0.9,4,3701
1.01,3,5375
2.01,3,23891
1.01,3,6158
0.76,4,2652
0.95,4,4738
1.06,4,6707
1.01,5,5445
1.5,5,15788
1.56,5,9788
1.01,5,6439
1.04,5,6385
1.04,5,5102
0.91,5,5503
0.8,4,3617
0.9,5,3995
0.81,4,2543
1.01,3,4069
1.29,2,14757
0.91,4,4514
0.77,4,2635
1.0,4,7088
1.0,5,5385
0.87,5,4899
2.1,5,31001
0.9,4,4954
1.2,4,8933
1.07,5,7644
1.71,3,10000
2.06,5,31880
1.14,5,5763
0.9,4,3535
0.9,4,3772
1.26,5,10726
1.01,3,4839
1.0,4,6910
1.52,4,10392
1.15,5,7999
2.0,3,19604
1.2,4,9427
2.02,5,26217
2.05,5,22626
1.03,4,5024
2.02,3,15765
1.02,5,6445
1.03,5,9236
1.01,3,6613
1.01,3,4442
0.79,5,3191
1.26,5,10109
0.79,5,3251
2.06,4,21487
2.02,4,15827
0.8,3,2662
1.55,5,17441
1.58,5,12621
0.94,5,5542
1.23,5,8232
1.51,5,9694
0.92,5,4953
1.03,4,5042
1.0,3,7758
1.04,5,7655
1.18,5,6440
1.01,1,5185
1.6,4,10346
1.51,3,12709
1.12,5,7633
1.05,5,7440
1.64,5,18103
0.75,5,2659
1.34,5,8771
0.95,3,5272
2.53,5,22287
1.03,5,12295
1.15,5,8418
2.62,3,29366
1.51,3,8975
1.14,5,6008
1.1,5,6677
0.8,4,4515
1.09,5,5238
1.05,4,6865
0.82,4,2602
1.04,4,5404
2.07,5,17135
1.55,5,16486
1.0,1,4771
1.34,4,6763
0.83,5,3933
2.09,4,27144
1.54,5,13604
1.22,4,10441
2.0,4,15249
1.01,3,5501
1.16,5,5107
1.07,2,7577
2.12,5,23168
1.52,5,12147
1.21,4,5768
2.02,5,19672
0.83,4,2915
1.0,4,9092
0.9,3,4058
2.23,5,34225
2.01,4,26089
2.09,5,32692
2.09,4,23771
2.01,4,31905
1.01,5,5680
0.91,4,3666
1.05,5,6837
1.14,5,6423
1.01,4,5731
1.22,5,8498
0.76,4,2557
2.0,3,29293
0.9,4,3748
1.18,5,10308
1.29,5,10600
1.2,5,10454
1.34,5,11342
1.31,4,14687
0.82,5,3979
2.07,5,21879
1.26,4,9410
1.51,3,9097
0.91,4,4532
2.0,4,16092
1.52,3,10888
1.59,4,10603
1.12,5,9196
0.9,5,3772
1.01,4,5372
2.01,5,23040
0.9,5,5142
1.13,5,9448
1.51,3,10488
0.75,5,4250
1.0,5,5703
1.13,5,6075
2.49,4,83145
2.16,5,30792
0.93,4,4681
1.13,5,8052
1.01,4,4749
1.0,4,9224
1.01,3,5861
1.39,4,8951
1.85,5,12794
2.07,5,21057
0.9,5,4635
1.0,4,8779
1.5,3,12127
1.0,4,9815
1.06,4,7132
0.9,4,3791
0.91,5,6652
1.1,5,7267
1.56,5,18276
1.01,4,6686
1.23,5,8015
0.91,5,4460
1.52,5,11105
2.04,4,26060
1.08,3,6708
1.0,3,5407
1.03,5,7964
1.12,5,9694
0.8,3,3873
1.0,3,4194
1.01,3,4611
1.21,4,7179
2.03,5,21462
1.21,4,10009
1.07,5,5220
1.05,2,8310
0.77,4,3243
1.08,5,7925
0.9,4,5123
1.01,3,4788
2.01,1,16632
2.16,4,19311
1.51,5,10971
1.24,5,5976
1.8,4,19259
2.05,5,35346
1.67,5,21318
1.14,4,6194
2.51,4,24351
2.23,5,33836
2.27,5,28766
1.0,3,7492
1.3,5,8416
0.9,1,3995
1.01,5,8029
1.34,5,11104
1.52,4,16786
1.01,4,5008
0.79,4,2551
2.01,4,20004
1.63,3,10901
1.29,5,6760
2.05,4,17444
0.9,4,5305
1.28,4,6112
0.91,4,4429
1.27,5,8915
2.06,5,67810
2.0,3,22902
1.03,5,5195
1.0,3,5488
0.82,4,3443
0.78,4,2721
0.77,1,2594
0.9,5,4058
1.14,5,8346
2.45,5,28691
1.2,4,6537
2.09,5,23651
0.9,5,4584
1.03,5,8742
0.9,4,4484
1.02,4,4753
1.53,4,14990
2.07,4,26894
1.24,4,11234
0.92,4,3345
2.28,5,24942
1.21,5,7466
1.0,3,5991
0.91,4,4456
1.21,4,9517
1.04,5,6286
1.12,5,8454
0.9,4,4095
1.01,3,4078
0.9,4,4497
1.21,4,6439
1.5,2,12725
1.08,4,7115
1.12,4,8788
2.2,4,24546
0.9,4,3638
0.76,4,3517
2.03,4,26920
2.06,5,33084
1.16,5,7175
0.9,1,3186
1.06,5,4795
1.0,5,5458
1.02,5,11028
2.03,5,20910
1.15,5,9157
1.21,4,7203
1.64,5,11274
1.21,5,5856
0.9,4,5969
2.01,4,25067
2.09,5,30324
1.02,4,5432
2.02,4,26651
2.01,4,37121
1.09,4,5420
1.09,4,7878
0.77,2,3332
2.18,4,26001
1.51,5,12071
0.91,4,4914
2.31,5,24817
0.9,4,4447
1.0,4,5320
0.76,5,4039
1.01,3,5251
1.2,3,5989
1.06,5,6809
2.07,5,36676
0.9,4,4177
1.14,3,5986
2.2,5,22724
1.13,5,5813
1.2,3,5211
1.03,3,4976
2.53,3,37848
1.07,5,5065
2.14,5,30962
1.19,5,7207
1.52,4,11162
1.65,4,12686
2.51,4,22225
1.03,4,4516
1.12,4,17285
2.0,4,19995
1.03,3,4819
1.01,5,6734
1.13,2,7877
0.93,3,3946
1.11,5,8970
0.9,4,4617
1.17,4,8144
1.03,2,7880
1.08,5,4922
0.84,5,6847
2.0,4,15053
1.55,4,15930
1.51,4,13830
1.45,5,8718
1.42,2,16618
0.91,4,4381
2.12,5,29314
1.21,5,9075
1.02,1,4782
2.0,5,47879
1.2,4,7239
2.19,4,30869
1.19,5,9403
1.21,5,7088
1.07,5,8491
1.06,4,4721
0.86,5,3997
1.51,3,11487
1.52,4,11794
1.13,5,8430
2.0,4,26058
1.26,2,8110
0.83,5,3625
1.0,5,5804
0.96,5,6948
2.0,4,25532
1.01,4,6975
1.21,4,5346
1.72,5,12865
1.17,5,9799
2.28,5,33041
2.02,5,21602
1.51,4,9150
1.02,1,5209
1.03,5,9854
1.51,4,15353
1.7,3,9523
1.71,5,16548
0.9,3,3945
1.0,4,5521
1.38,5,7721
0.82,5,3439
2.41,5,19971
0.77,3,2241
0.93,5,4583
0.8,5,4362
1.0,3,5110
1.56,5,14502
1.02,5,6040
2.01,4,19570
1.74,5,20892
1.01,1,4905
1.03,5,5378
0.82,3,3363
0.93,5,5411
1.16,5,6673
1.01,1,4417
1.0,4,9248
0.91,4,4370
1.6,5,15134
1.01,3,6346
1.04,5,7632
0.77,5,2824
1.04,2,10709
2.02,4,27542
2.01,5,23897
1.11,5,5329
1.52,5,11313
1.12,5,5624
1.5,4,11352
1.5,4,9236
1.01,3,5020
1.02,3,4105
1.01,4,4681
2.01,4,15745
2.02,5,36081
1.08,4,6892
0.9,4,4149
1.51,4,11041
0.91,4,3645
2.07,5,20594
2.41,4,54256
0.99,4,4495
1.11,5,5591
2.01,4,45456
2.01,4,29860
1.7,4,16076
1.09,5,10246
2.29,5,31230
0.86,1,3756
2.35,2,24988
1.32,5,10298
0.9,1,4252
1.57,4,12392
1.54,4,13893
1.5,4,28381
1.06,5,6660
1.54,5,17029
2.02,5,15974
2.29,5,40644
2.0,4,21829
1.51,4,10950
2.02,5,32232
1.55,5,16088
1.53,4,15466
0.9,5,4178
1.59,5,12971
2.79,5,77033
1.3,5,11853
1.01,3,4069
1.07,5,8202
1.61,2,13873
1.76,5,10896
2.05,5,21630
1.13,2,8257
2.11,5,20911
1.02,5,4746
2.23,4,51127
1.01,4,4207
0.91,4,4008
1.01,3,4331
1.01,1,4030
1.01,4,5433
0.92,5,5070
0.79,5,3561
1.09,4,5570
1.26,4,10284
2.54,5,31706
1.05,5,6224
1.01,4,4065
1.15,5,10265
1.58,5,11526
1.63,5,13625
1.04,2,10804
1.24,3,7210
1.12,2,14696
0.91,4,4849
2.02,5,27068
0.91,1,4132
2.45,4,40939
1.63,5,10401
1.12,5,7715
1.2,5,7229
1.16,5,6408
0.79,4,2793
1.0,3,4624
1.34,4,6884
2.27,4,29883
0.81,5,3650
1.57,4,9688
1.32,5,7059
2.02,5,26970
2.06,5,19530
1.14,2,7079
1.05,5,10162
1.25,4,9377
1.05,4,4895
1.54,4,15444
1.0,3,7556
1.19,2,7678
2.03,5,20192
1.57,4,11998
2.57,5,43103
1.21,4,6892
2.18,4,19659
2.61,4,39909
1.01,4,7422
2.06,2,25354
1.11,4,8528
1.05,5,7572
1.06,5,6597
1.0,3,4759
0.9,3,3575
0.82,5,3518
1.27,4,6559
1.37,2,15821
2.01,3,21398
1.01,4,5621
2.01,4,23156
1.0,4,5557
1.62,2,43344
2.01,4,33173
1.2,5,8391
1.5,5,14426
1.28,4,8645
1.0,3,4149
1.04,5,5759
1.01,3,6998
0.79,2,3167
0.95,5,4508
0.91,4,5530
0.91,4,4561
1.19,5,10733
1.51,4,9178
1.05,4,5480
1.08,5,7187
1.65,4,11117
1.27,5,10558
1.31,5,10960
2.45,4,27810
2.31,4,19512
0.95,5,7191
1.09,2,10369
0.9,4,3649
0.9,3,3896
1.0,4,8055
1.1,5,7056
1.11,4,10069
1.1,2,10350
2.26,4,19691
1.21,5,11307
0.76,5,3497
2.01,5,26991
1.04,3,5706
2.0,4,24584
1.07,4,5322
2.4,5,37354
1.0,4,8115
2.0,4,27887
2.51,4,52786
2.16,5,30601
1.03,3,4705
1.02,5,6591
1.05,3,7289
1.01,4,6167
1.32,2,13261
0.9,3,3741
1.0,4,5113
0.81,3,2599
2.49,4,43319
2.01,5,27377
0.75,5,3263
1.08,2,8529
0.9,4,4466
1.01,5,8662
1.5,4,13379
1.22,4,8633
1.22,4,9475
0.9,4,4054
0.9,1,4277
1.09,3,15795
2.02,3,27643
1.01,4,6265
1.07,5,5909
2.2,5,21918
1.01,5,7539
1.62,5,12295
2.01,4,19591
2.06,4,29297
1.59,4,10309
0.9,3,4108
2.01,4,45492
2.16,4,21186
2.16,5,28969
1.2,4,7191
2.03,4,22592
2.01,3,18625
1.02,4,5701
1.04,2,8415
1.28,5,11784
1.05,4,9472
2.46,4,19425
1.19,4,10895
1.01,3,7303
1.21,4,7113
1.04,5,7074
1.01,3,5380
2.02,4,43002
1.04,5,7035
1.04,4,5557
2.44,5,23455
1.02,1,5662
0.78,5,3052
0.81,5,2951
1.62,5,18328
1.06,4,5415
1.24,5,9188
0.9,4,3271
1.21,4,6745
0.91,4,4623
1.03,5,4434
1.0,4,4830
1.29,5,11059
1.26,4,6318
1.01,4,9287
0.9,4,4004
0.79,3,2756
1.07,5,5889
1.0,5,8747
1.0,3,4139
2.4,4,34982
1.01,4,6794
1.12,2,6962
1.21,4,6075
2.06,5,25825
1.5,3,8780
1.11,5,7905
2.49,4,32239
0.91,4,4850
0.78,4,3744
1.41,4,8463
1.2,4,5476
2.29,5,25107
2.01,5,21966
0.99,3,5799
1.22,5,7783
0.91,3,4067
0.9,1,3340
1.56,2,18490
1.52,4,12665
0.9,4,3950
1.0,3,7204
2.01,4,28425
0.9,4,3919
0.86,5,5161
1.51,4,8856
0.81,2,3355
2.01,4,21635
1.58,5,11435
1.01,4,6105
1.02,4,6906
1.55,5,15887
1.55,5,13665
1.22,5,9568
1.03,4,5789
1.5,4,11844
2.03,5,21462
2.13,4,21457
0.77,4,3036
1.5,5,9926
0.9,3,3733
1.16,5,8061
1.02,4,4951
1.76,5,16513
1.06,3,5293
0.9,3,3034
2.13,4,31025
1.0,3,3836
1.54,4,8811
1.05,5,5352
1.54,5,16861
0.83,5,3235
1.18,4,19242
1.05,4,5095
1.21,5,9746
0.9,4,4523
1.02,4,4872
0.92,4,4507
0.76,5,3732
1.0,5,7114
1.52,3,8400
0.77,2,3108
1.01,5,4432
2.58,5,39821
0.97,5,6801
0.78,4,2816
1.58,5,17321
2.28,5,34522
1.1,5,8060
1.01,5,5140
1.5,5,12661
1.39,3,8245
1.5,4,9889
0.9,4,4466
2.09,5,39542
1.13,4,9130
1.01,5,4584
1.5,4,15957
1.01,4,4707
1.0,5,9613
1.07,4,9310
1.0,4,7710
1.31,4,7792
1.08,5,5059
1.1,4,6800
1.5,4,11889
2.5,5,30583
0.9,4,3615
0.75,4,3088
1.07,4,4451
0.9,4,4201
0.99,5,6038
2.02,4,16565
1.14,4,4840
1.04,4,5559
1.51,4,9058
1.21,3,7359
2.12,5,31248
1.31,5,10868
1.11,5,6065
2.06,4,21999
1.08,4,8693
1.23,5,10342
1.01,2,7179
0.9,4,4291
1.01,4,5411
0.9,5,4265
1.5,4,9618
1.02,5,6418
0.79,5,4012
1.02,4,7824
1.02,5,6340
1.13,2,6980
0.92,4,3824
2.26,5,24502
1.23,5,9330
1.03,5,4782
1.0,4,7361
0.91,4,3217
2.14,5,18453
1.52,4,9372
2.72,5,36709
1.02,4,6111
1.55,4,17749
0.93,5,4546
0.91,4,4084
1.03,5,6997
1.51,4,9937
2.01,5,26122
0.78,5,3389
1.8,4,20927
0.76,2,3050
1.02,5,7091
2.32,4,38264
0.93,5,3856
1.28,5,10635
1.61,5,11185
1.53,5,8981
1.04,4,7308
0.94,4,4995
1.01,5,6439
1.11,5,12390
0.75,2,3011
0.77,5,3837
0.9,5,4428
1.28,5,8606
1.03,5,7587
1.0,5,8151
1.02,5,6704
1.5,3,13603
0.91,4,4466
1.74,4,13984
2.03,5,23519
1.6,4,10497
2.0,3,27173
1.04,4,5951
1.0,5,9014
1.34,5,7659
1.03,5,6272
1.24,5,9463
0.78,5,3811
2.65,4,27627
1.53,5,10842
2.1,5,16425
1.27,5,10656
1.04,4,10502
1.08,4,10555
0.9,3,3669
0.9,4,5718
1.06,2,8093
1.71,4,12690
2.04,5,45675
1.5,4,9429
1.2,4,6167
1.28,5,13360
2.08,4,23226
1.51,5,13532
1.52,4,10791
1.1,5,9262
1.14,5,11206
1.51,3,11660
1.01,4,5078
0.9,4,5757
1.02,4,4444
2.19,4,29065
2.5,4,27396
1.2,4,6269
0.82,4,3380
1.02,5,5257
1.0,4,6285
1.0,3,5713
0.81,4,2972
1.07,4,7925
1.29,5,11470
1.09,5,6532
1.2,2,12018
1.12,5,5521
2.07,4,26619
2.02,4,17884
1.52,4,17558
0.81,5,3935
0.82,5,3880
1.54,4,16750
0.91,1,4036
0.79,4,2727
0.9,5,4201
1.04,4,6364
0.79,4,2756
1.01,4,6847
1.01,5,7258
2.0,4,37839
2.02,5,17844
1.22,5,8167
0.82,5,4682
1.01,3,6691
2.07,5,20951
1.27,3,10474
2.18,4,20773
1.02,5,4639
1.12,3,5420
1.28,4,11723
1.03,4,5528
0.9,5,6344
0.93,4,4033
2.02,3,26216
1.27,5,10750
1.0,3,5111
0.79,5,3768
2.01,3,18613
2.01,3,20739
2.03,5,66822
1.01,4,6213
1.2,4,7421
1.08,5,6532
2.01,4,30707
1.33,5,12501
1.05,5,4466
1.0,4,6619
0.91,1,4115
2.03,5,41532
0.9,4,4466
1.0,3,4447
1.51,4,13012
1.13,5,7571
1.0,1,5247
1.03,4,4836
1.25,4,13953
1.54,2,18416
1.0,3,6457
2.03,4,22484
2.04,5,21516
2.01,4,23891
1.0,4,6440
1.23,5,9863
2.21,4,17784
0.93,5,4700
1.58,4,12483
0.9,1,5551
1.51,4,10971
1.5,5,12083
0.85,5,4582
1.01,5,6663
1.01,4,7021
0.93,5,4413
1.11,5,6800
2.01,3,29826
0.8,3,4444
1.01,2,7179
0.75,4,3314
1.01,4,8330
2.46,5,38641
2.01,4,14956
0.78,2,4421
0.93,5,7869
2.04,5,21374
2.21,4,24447
2.0,4,24944
1.04,5,7925
1.04,4,6405
0.78,4,2600
0.88,4,2823
2.11,5,31645
1.02,4,5287
1.15,2,9967
0.91,1,4074
1.02,1,6019
2.1,5,27493
2.24,4,30455
1.28,4,7609
0.81,4,3821
2.24,5,26511
1.24,2,14233
0.8,3,3283
2.01,5,34538
0.91,3,4084
1.03,5,5143
1.03,5,8650
1.21,5,8337
2.01,4,14541
1.02,3,4623
2.38,5,33987
2.0,5,24966
2.82,5,33748
1.02,1,3926
0.91,4,4222
0.81,4,3328
1.01,1,4228
0.93,3,4405
1.01,4,6288
2.42,5,34487
0.77,5,4619
1.22,5,7623
1.59,5,17809
0.77,3,2472
1.0,3,5037
1.02,4,6956
2.01,5,29386
1.03,4,5420
1.63,5,12990
2.02,4,16759
1.07,5,7273
2.08,5,20726
1.51,3,8210
0.9,4,3914
1.15,4,6929
2.14,5,57411
1.55,5,11045
0.9,4,3950
2.05,4,20662
1.01,4,4409
0.84,5,4068
2.14,5,29808
1.2,4,5522
1.44,5,10145
0.84,5,3283
1.75,5,14343
2.04,4,16354
2.05,5,27933
2.78,5,40910
0.9,4,4603
1.02,4,5900
1.2,4,5884
0.93,4,4740
0.9,5,4492
1.51,4,12185
2.01,4,26110
1.69,4,10497
0.94,5,4358
2.14,5,26464
1.01,4,5703
0.91,1,3325
1.05,5,5128
1.07,5,6114
0.9,4,4400
0.77,4,2488
1.5,3,12402
2.01,4,30794
1.16,5,5644
2.01,3,15467
1.01,3,4711
1.68,4,20774
1.04,4,6138
1.0,4,8905
0.76,5,3249
1.0,4,16688
1.0,3,6223
2.03,5,43556
1.23,5,6817
1.28,5,7660
1.05,5,6914
1.02,5,6632
1.01,4,5908
0.81,4,3726
2.0,4,18709
1.1,5,5199
1.29,5,7623
2.36,5,25870
2.01,4,20157
2.03,4,30894
1.01,4,6701
0.79,5,3675
1.14,4,10954
1.01,4,5634
2.04,5,20972
0.9,3,4034
1.2,3,5989
0.75,4,2923
2.04,5,22481
1.05,5,8492
1.08,5,7625
1.31,4,9797
1.06,5,7342
1.02,5,6667
0.8,5,3663
1.01,4,5149
1.3,5,9232
0.91,4,3703
1.57,5,10521
1.14,5,11226
2.02,4,15791
1.08,5,7867
1.01,1,5784
1.57,4,10859
1.5,3,10608
1.2,5,6380
0.79,5,2976
1.53,5,10972
1.03,5,6610
2.02,5,32114
1.06,5,9625
2.02,4,20596
2.11,4,56065
2.72,5,39970
2.05,5,21311
1.32,5,11584
0.9,4,5005
0.75,4,3543
0.9,4,6143
2.12,4,16274
1.02,3,4340
0.9,4,4504
1.17,2,9326
0.77,5,2658
1.07,5,7789
2.01,4,25948
1.54,4,14735
1.8,5,13868
1.23,2,17930
1.15,4,7040
1.22,5,9348
2.05,2,53956
1.5,5,16948
1.51,5,14196
0.9,4,4498
1.08,5,6561
0.9,3,4283
2.01,5,64134
1.0,4,6732
0.92,5,3610
1.5,5,13412
1.24,5,8887
1.09,3,4622
0.9,2,5003
1.2,5,7697
1.0,4,8216
2.15,4,18858
1.02,4,5424
2.02,5,16560
0.9,4,3709
2.05,5,21209
1.01,3,5497
1.11,4,5690
1.05,5,7523
0.92,4,4179
1.03,5,4759
1.29,4,9086
0.91,4,4518
1.06,4,5048
1.09,2,6970
2.13,4,27620
2.14,5,17946
1.52,4,9642
0.93,3,3239
0.91,1,4017
2.01,4,26075
1.16,4,8520
0.79,5,3911
0.77,2,3786
1.51,5,11628
2.02,5,27123
1.53,3,14785
2.02,4,20564
1.04,5,5321
0.97,3,4926
1.01,5,4942
1.0,3,5490
0.79,4,3138
1.0,3,6971
0.8,5,4781
0.9,5,5450
1.5,3,12702
1.03,5,6638
0.77,4,3911
2.09,5,29957
1.15,5,10644
2.01,4,29236
1.1,5,5273
1.03,3,7184
0.84,3,3122
1.51,5,13097
2.48,4,50585
2.15,5,30763
0.92,4,4373
2.03,5,21932
1.21,4,6973
0.91,5,4049
1.02,5,6418
2.01,5,20923
1.01,3,4475
1.25,5,8365
1.5,4,13356
0.9,3,4095
1.59,5,22696
1.06,4,7706
0.91,4,4389
1.56,4,13163
0.78,5,2996
0.92,3,4416
0.9,4,3992
1.25,5,8461
0.81,5,4314
0.92,4,3986
1.04,4,5762
1.24,5,7129
2.01,4,23370
1.21,5,6629
1.29,5,7384
0.91,4,4284
2.05,4,16576
1.51,5,15821
1.13,2,9796
1.28,5,6141
1.22,5,12906
2.51,4,21820
1.63,4,10721
1.55,4,10076
1.09,4,5771
1.01,5,7198
1.18,4,7093
2.28,5,31221
1.19,5,6335
1.4,4,7802
1.01,5,5555
1.01,5,5521
2.2,4,20661
0.79,5,3203
1.4,5,10953
1.01,5,5166
1.06,5,8712
2.02,3,13286
1.5,4,12307
2.02,4,17215
1.0,3,4844
0.9,4,3720
1.53,5,15745
1.14,4,5662
2.01,3,17497
1.21,5,11572
2.0,5,16775
1.51,3,10429
0.9,5,4523
1.01,4,4375
0.9,4,3752
2.07,4,19106
1.01,4,4189
2.08,4,29094
2.0,4,18683
1.19,5,10302
1.22,5,6727
2.01,4,33941
0.9,5,6143
2.5,4,44192
2.15,4,28837
1.05,5,5914
0.9,5,5267
1.04,4,6669
1.11,5,7917
1.16,2,13595
0.92,5,5758
1.03,4,4725
2.02,5,47540
1.56,5,10399
1.18,5,5616
1.0,4,8246
0.94,5,4813
0.92,3,4364
2.05,3,24390
2.02,4,19841
1.06,5,6058
0.82,5,3108
1.52,4,12730
0.75,2,3336
2.05,5,27238
1.04,3,6151
1.52,4,13355
1.07,4,5752
1.26,4,12257
0.84,5,3936
2.02,5,31392
1.2,4,6354
2.0,4,16565
1.62,5,16183
0.9,4,3863
0.9,4,4382
1.08,2,12104
1.12,5,12344
0.95,5,4958
2.25,4,33969
1.3,5,13937
0.75,4,4656
1.03,5,8169
1.03,2,9425
2.1,5,27550
2.04,5,27876
1.01,4,11291
1.2,4,6400
0.93,4,4704
1.11,5,8233
1.09,5,11998
1.02,5,6410
2.02,4,28469
1.01,4,6777
1.09,1,4697
1.24,4,6754
1.02,5,6356
0.91,5,4566
1.13,2,7459
1.11,2,8749
1.35,5,12400
0.86,4,3207
1.13,5,10618
1.03,5,8939
1.03,4,7243
1.01,4,4747
1.2,4,6145
1.16,5,10368
1.58,5,11610
0.82,5,2832
1.0,4,8976
1.71,4,12579
0.82,5,3810
1.5,4,14368
0.9,3,4016
2.19,5,32428
0.92,4,4062
1.01,5,8036
1.14,5,9013
2.26,5,35742
1.23,4,6564
2.01,4,25751
1.51,4,8420
1.54,5,9998
0.93,5,5301
1.25,4,7414
1.08,5,9041
1.21,2,7938
2.0,4,17724
1.32,3,7143
0.9,3,4655
1.35,2,10591
2.41,5,61584
2.02,5,25183
1.05,5,5101
2.03,4,21409
2.0,4,18522
1.12,4,5558
0.9,4,3489
2.08,4,26414
2.24,5,26505
1.01,5,7274
1.21,1,5768
1.01,5,4872
1.06,4,4507
1.21,4,7877
1.27,5,13904
1.33,4,22783
2.01,3,15643
2.15,5,25463
1.1,5,10410
1.11,5,4890
1.02,4,5378
1.01,3,4553
1.0,3,6958
2.38,5,22443
1.0,1,6285
0.9,4,4324
0.9,4,4311
2.15,5,18470
1.01,4,5220
1.21,3,8902
1.61,4,9220
1.02,5,6260
2.02,5,21716
0.78,4,3258
1.71,4,18728
1.26,4,8956
1.5,4,12342
2.01,5,32966
0.94,4,5221
1.18,4,11430
2.03,4,17613
1.78,5,18128
2.01,4,16263
1.5,4,9960
1.67,4,17028
1.01,4,4972
1.5,4,10652
0.9,3,4124
2.01,5,21629
1.25,4,5699
1.0,3,4916
1.0,4,7343
2.01,3,36854
1.01,5,6923
0.9,3,3164
2.04,5,16895
1.84,4,35410
2.01,4,20399
1.82,5,14914
1.17,4,7468
2.61,4,67240
1.01,3,5233
2.32,5,31114
2.0,5,28313
1.01,4,5284
0.76,5,2797
0.9,4,3701
1.27,5,10693
2.0,4,41804
2.01,4,22229
2.04,4,20023
1.11,3,7480
0.91,4,5424
2.01,3,23135
0.9,4,4181
1.14,5,5096
1.03,3,5479
0.79,5,3081
2.01,5,21461
1.18,5,8414
1.5,3,6994
2.15,2,70683
1.7,4,12410
1.3,4,11646
1.0,3,7572
2.01,3,14597
2.09,5,21273
2.05,4,27046
0.92,5,5779
1.5,5,12464
1.21,4,7445
2.17,5,40868
2.03,4,18630
1.01,3,6037
2.01,4,25784
1.01,4,5049
0.75,4,2811
2.01,4,26672
2.16,5,19224
0.9,4,3848
1.01,4,5384
0.92,3,5259
1.05,5,7247
1.25,4,10641
2.0,4,33560
2.07,5,29950
1.51,5,12526
2.08,5,22910
1.26,4,6855
1.01,4,6357
1.55,5,10960
1.22,5,6083
1.8,4,16195
1.0,5,5755
1.31,5,12825
1.01,4,7167
0.84,5,3201
1.05,4,5633
0.92,4,5279
0.97,3,3498
2.01,4,17674
1.62,5,12107
1.01,4,4858
2.0,4,47413
0.75,5,3710
2.57,5,30760
2.08,4,28920
0.91,4,6180
1.09,2,8602
1.02,4,7406
2.36,5,72195
1.01,5,9848
1.13,4,7815
2.01,3,19817
2.02,4,22206
1.2,5,9785
1.01,5,7056
1.51,4,12106
1.0,4,5051
1.52,4,10016
1.13,5,5303
2.01,4,20524
0.84,4,3453
0.78,5,2870
0.91,3,4374
1.1,5,9397
1.31,4,8261
0.91,3,4241
1.0,3,4042
1.0,3,5597
0.8,5,3403
2.01,3,16552
0.76,4,2579
1.06,5,8451
1.08,5,8321
1.51,5,15226
0.83,4,3322
1.03,5,8133
2.22,5,41861
2.03,5,28070
1.1,5,7441
1.53,4,11873
0.76,5,3930
1.21,5,7037
1.05,5,5591
0.9,3,4227
1.01,4,4747
1.01,4,9908
1.27,5,13530
1.21,4,10430
0.9,3,3677
1.69,4,13446
1.04,5,5619
2.39,4,41488
1.2,3,7461
1.2,5,5763
2.01,1,29368
1.21,5,13965
1.0,4,6605
0.75,5,4007
1.08,3,5764
1.28,3,6552
1.05,4,5438
2.21,5,51333
1.0,1,4063
2.1,4,17837
1.04,5,7508
0.78,4,2348
0.81,5,3595
1.17,4,6395
1.21,5,8699
1.22,5,6469
1.52,5,14501
1.17,5,8188
2.09,4,45019
0.9,4,4249
1.13,4,5261
1.23,4,8445
0.9,1,3526
0.77,4,3966
1.51,4,14416
2.33,5,21618
1.02,4,5380
2.08,4,37711
1.02,1,4091
1.5,4,12156
0.8,4,3267
1.29,2,9572
0.9,5,4383
1.16,5,5091
0.91,3,3747
2.02,4,24532
2.04,4,19953
2.0,4,17482
1.25,5,6352
1.14,4,8217
1.58,4,15863
1.02,4,8990
1.2,5,7372
0.95,5,6951
1.07,2,9177
0.89,4,3238
0.93,4,4925
0.92,5,5989
1.23,5,6817
1.07,5,5373
1.33,5,7887
1.7,4,14130
1.12,4,6132
0.91,3,3076
1.01,5,10230
0.79,5,2871
2.01,5,24284
1.85,4,23447
1.21,2,7810
1.59,5,16599
1.21,2,9290
1.13,5,6209
0.78,5,3405
1.07,4,7490
1.0,1,5384
1.14,5,6753
2.13,5,29450
1.21,5,10378
2.21,5,27586
0.8,5,3437
1.0,3,4405
2.01,4,21516
1.51,3,8420
0.91,5,4370
2.07,4,33017
0.9,1,3288
1.24,4,9123
0.79,5,3324
2.03,4,27255
1.01,4,5339
2.0,3,17243
1.06,4,6863
2.0,4,56857
2.0,3,18066
1.23,5,7256
1.51,5,15776
1.57,4,10682
1.53,5,10560
0.91,5,4470
1.5,4,10633
2.28,5,32509
1.19,2,7328
1.52,5,11033
2.14,5,18877
2.02,4,21039
1.21,5,6025
2.01,5,25859
1.23,4,10035
0.78,4,3472
0.75,5,2520
1.22,3,6713
1.13,4,5017
1.52,5,9372
1.18,5,6283
0.78,5,2664
0.77,3,2734
1.06,2,6945
1.06,4,5691
0.9,4,4054
0.83,5,3231
1.39,5,9125
1.01,3,4839
2.07,4,42225
1.1,2,8977
1.2,4,9007
1.56,5,13798
1.01,5,5694
1.25,4,9488
1.0,4,5987
2.0,4,21100
1.56,4,8470
1.51,5,11856
2.02,5,24826
1.51,5,11329
0.78,5,3595
0.9,4,5102
2.03,5,27435
1.01,4,6795
1.14,3,5986
1.56,2,13724
1.09,5,6152
1.07,5,4958
1.67,5,13737
1.02,5,5047
1.0,5,5528
0.81,2,3446
1.5,4,15508
1.16,4,5372
2.03,5,29171
2.13,5,36349
2.01,5,19867
1.0,3,4466
1.06,5,5516
1.05,5,9378
1.02,5,5509
1.03,5,5476
1.01,1,7344
1.51,5,14733
2.13,5,29611
1.1,5,9070
1.02,4,6694
1.52,5,13153
1.2,4,5408
1.04,5,6873
1.6,5,18780
1.0,4,5511
1.57,5,9416
2.0,4,42885
2.17,5,17747
1.39,4,7893
1.3,5,9399
1.01,3,4737
1.87,4,12114
1.01,4,5233
1.2,4,6594
1.21,5,8294
0.94,4,7444
2.24,5,39223
1.21,4,5866
1.26,5,11058
1.21,4,8886
1.19,5,6857
1.05,5,4975
1.24,5,13178
1.04,5,7294
1.02,4,6432
1.71,2,20574
1.01,4,4848
1.53,4,17057
1.01,1,4816
0.82,5,3781
1.11,2,14202
2.02,4,16735
1.04,4,5231
1.52,4,10016
2.33,5,31790
1.5,5,10646
1.22,5,11577
2.08,5,23085
2.02,5,20885
1.0,4,7743
0.81,5,3342
0.91,5,5151
0.8,4,3122
0.9,4,4182
0.91,5,4199
1.5,5,8685
1.14,5,6023
1.07,4,6627
1.02,5,6342
1.03,4,4800
0.9,3,3597
1.23,5,7701
1.02,4,4802
1.12,2,6143
1.11,2,8508
2.25,4,32707
1.02,4,4875
1.51,4,9823
1.16,5,6785
1.0,3,4608
1.03,4,5847
1.01,4,6773
1.16,2,10294
0.9,4,4400
1.01,3,5641
1.22,5,6137
1.52,5,13744
0.9,4,4258
1.04,4,5285
1.0,4,6249
0.77,5,3664
1.53,5,15137
1.56,5,18895
0.8,4,3839
1.06,4,5445
1.7,4,18107
1.01,3,9451
1.3,5,13988
1.58,4,8782
1.08,4,6168
1.05,5,9514
1.5,4,13287
1.61,2,21352
2.03,4,29246
1.0,4,6389
1.63,5,12174
2.05,3,21358
1.0,5,7223
2.09,5,16704
1.01,4,7027
2.03,4,19852
0.9,4,4715
0.91,4,4324
1.11,5,4771
1.1,5,6146
0.9,4,4951
1.01,5,7262
1.32,5,10095
1.31,4,11357
1.17,5,7423
1.01,3,4069
1.14,5,5382
1.0,3,5437
1.61,5,17334
2.52,5,29453
2.24,5,32380
1.0,4,5300
1.04,5,5663
1.01,5,5022
1.42,4,6894
0.91,4,3936
2.03,5,30039
2.01,3,19340
1.0,3,6437
1.2,4,6703
1.0,5,4602
1.89,5,14331
1.0,5,4780
1.0,4,9092
2.31,4,27468
1.11,5,9144
0.92,5,7969
2.0,4,24953
2.01,4,16361
0.78,5,3582
1.25,2,11954
1.02,5,5207
2.02,5,21167
2.02,5,27738
2.07,5,27783
2.0,4,23536
1.07,4,4873
2.16,5,34918
1.02,5,5367
2.58,5,37739
2.37,4,32446
1.07,5,9530
2.02,4,25877
2.2,5,26538
1.04,5,5469
1.62,5,11180
2.12,5,26078
1.0,5,5489
1.02,4,5430
1.04,5,5013
2.05,3,26297
2.01,4,27002
1.17,5,10929
1.01,3,5503
1.08,4,6430
1.02,4,5803
2.01,4,43709
1.0,3,5384
1.07,4,6780
0.9,3,3577
2.43,5,26638
1.26,4,14095
1.05,5,8931
0.9,4,4320
2.48,4,61035
1.24,5,8928
1.13,5,8157
0.9,4,6457
2.03,4,18866
0.81,4,5423
1.03,5,6250
1.0,4,5328
1.02,5,6157
1.27,2,11206
2.19,5,30507
